Zeitstempel;Zeit in ms seit 01.01.1970;Kompasskurs Azimuth;Differenz SimplePIDController;Rudderposition SimplePIDController;Pilot Rudderposition;AKSEN Winkel Rudderposition
2013-03-27 14:28:19:0345;1364390899345;270.5;;;;
2013-03-27 14:28:19:0565;1364390899565;270.5;;;;
2013-03-27 14:28:19:0808;1364390899808;270.6;;;;
2013-03-27 14:28:20:0042;1364390900042;270.7;;;;
2013-03-27 14:28:20:0337;1364390900337;270.7;;;;
2013-03-27 14:28:20:0568;1364390900568;270.6;;;;
2013-03-27 14:28:20:0802;1364390900802;270.7;;;;
2013-03-27 14:28:21:0042;1364390901042;270.8;;;;
2013-03-27 14:28:21:0278;1364390901278;270.8;;;;
2013-03-27 14:28:21:0532;1364390901532;270.8;;;;
2013-03-27 14:28:21:0785;1364390901785;270.8;;;;
2013-03-27 14:28:22:0006;1364390902006;270.8;;;;
2013-03-27 14:28:22:0233;1364390902233;270.8;;;;
2013-03-27 14:28:22:0472;1364390902472;270.8;;;;
2013-03-27 14:28:22:0734;1364390902734;270.7;;;;
2013-03-27 14:28:22:0966;1364390902966;270.7;;;;
2013-03-27 14:28:23:0222;1364390903222;270.7;;;;
2013-03-27 14:28:23:0446;1364390903446;270.75;;;;
2013-03-27 14:28:23:0683;1364390903683;270.8;;;;
2013-03-27 14:28:23:0925;1364390903925;270.8;;;;
2013-03-27 14:28:24:0158;1364390904158;270.8;;;;
2013-03-27 14:28:24:0395;1364390904395;270.8;;;;
2013-03-27 14:28:24:0634;1364390904634;270.8;;;;
2013-03-27 14:28:24:0871;1364390904871;270.8;;;;
2013-03-27 14:28:25:0108;1364390905108;270.5;;;;
2013-03-27 14:28:25:0348;1364390905348;270.7;;;;
2013-03-27 14:28:25:0590;1364390905590;270.7;;;;
2013-03-27 14:28:25:0826;1364390905826;270.6;;;;
2013-03-27 14:28:26:0064;1364390906064;270.6;;;;
2013-03-27 14:28:26:0302;1364390906302;270.6;;;;
2013-03-27 14:28:26:0540;1364390906540;270.6;;;;
2013-03-27 14:28:26:0777;1364390906777;270.6;;;;
2013-03-27 14:28:27:0015;1364390907015;270.7;;;;
2013-03-27 14:28:27:0252;1364390907252;270.7;;;;
2013-03-27 14:28:27:0491;1364390907491;270.6;;;;
2013-03-27 14:28:27:0732;1364390907732;270.6;;;;
2013-03-27 14:28:27:0970;1364390907970;270.6;;;;
2013-03-27 14:28:28:0211;1364390908211;270.7;;;;
2013-03-27 14:28:28:0459;1364390908459;270.7;;;;
2013-03-27 14:28:28:0683;1364390908683;270.7;;;;
2013-03-27 14:28:28:0920;1364390908920;270.75;;;;
2013-03-27 14:28:29:0158;1364390909158;270.7;;;;
2013-03-27 14:28:29:0396;1364390909396;270.7;;;;
2013-03-27 14:28:29:0637;1364390909637;270.7;;;;
2013-03-27 14:28:29:0877;1364390909877;270.7;;;;
2013-03-27 14:28:30:0113;1364390910113;270.7;;;;
2013-03-27 14:28:30:0351;1364390910351;270.7;;;;
2013-03-27 14:28:30:0589;1364390910589;270.7;;;;
2013-03-27 14:28:30:0827;1364390910827;270.9;;;;
2013-03-27 14:28:31:0070;1364390911070;270.8;;;;
2013-03-27 14:28:31:0302;1364390911302;270.8;;;;
2013-03-27 14:28:31:0539;1364390911539;270.8;;;;
2013-03-27 14:28:31:0777;1364390911777;270.8;;;;
2013-03-27 14:28:32:0023;1364390912023;270.9;;;;
2013-03-27 14:28:32:0257;1364390912257;270.9;;;;
2013-03-27 14:28:32:0496;1364390912496;270.7;;;;
2013-03-27 14:28:32:0733;1364390912733;270.7;;;;
2013-03-27 14:28:32:0971;1364390912971;270.7;;;;
2013-03-27 14:28:33:0209;1364390913209;270.7;;;;
2013-03-27 14:28:33:0446;1364390913446;270.7;;;;
2013-03-27 14:28:33:0684;1364390913684;270.7;;;;
2013-03-27 14:28:33:0952;1364390913952;270.7;;;;
2013-03-27 14:28:34:0187;1364390914187;270.7;;;;
2013-03-27 14:28:34:0424;1364390914424;270.7;;;;
2013-03-27 14:28:34:0663;1364390914663;270.7;;;;
2013-03-27 14:28:34:0900;1364390914900;270.7;;;;
2013-03-27 14:28:35:0138;1364390915138;270.7;;;;
2013-03-27 14:28:35:0375;1364390915375;270.7;;;;
2013-03-27 14:28:35:0613;1364390915613;270.9;;;;
2013-03-27 14:28:35:0851;1364390915851;270.8;;;;
2013-03-27 14:28:36:0093;1364390916093;270.7;;;;
2013-03-27 14:28:36:0330;1364390916330;270.6;;;;
2013-03-27 14:28:36:0568;1364390916568;270.6;;;;
2013-03-27 14:28:36:0807;1364390916807;270.7;;;;
2013-03-27 14:28:37:0043;1364390917043;270.7;;;;
2013-03-27 14:28:37:0281;1364390917281;270.7;;;;
2013-03-27 14:28:37:0519;1364390917519;270.7;;;;
2013-03-27 14:28:37:0756;1364390917756;270.7;;;;
2013-03-27 14:28:37:0994;1364390917994;270.8;;;;
2013-03-27 14:28:38:0238;1364390918238;270.7;;;;
2013-03-27 14:28:38:0473;1364390918473;270.7;;;;
2013-03-27 14:28:38:0711;1364390918711;270.7;;;;
2013-03-27 14:28:38:0949;1364390918949;270.7;;;;
2013-03-27 14:28:39:0187;1364390919187;270.7;;;;
2013-03-27 14:28:39:0425;1364390919425;270.7;;;;
2013-03-27 14:28:39:0663;1364390919663;270.7;;;;
2013-03-27 14:28:39:0902;1364390919902;270.7;;;;
2013-03-27 14:28:40:0138;1364390920138;270.6;;;;
2013-03-27 14:28:40:0380;1364390920380;270.6;;;;
2013-03-27 14:28:40:0618;1364390920618;270.7;;;;
2013-03-27 14:28:40:0855;1364390920855;270.7;;;;
2013-03-27 14:28:41:0095;1364390921095;270.6;;;;
2013-03-27 14:28:41:0330;1364390921330;270.6;;;;
2013-03-27 14:28:41:0568;1364390921568;270.6;;;;
2013-03-27 14:28:41:0806;1364390921806;270.7;;;;
2013-03-27 14:28:42:0044;1364390922044;270.65;;;;
2013-03-27 14:28:42:0283;1364390922283;270.6;;;;
2013-03-27 14:28:42:0524;1364390922524;270.7;;;;
2013-03-27 14:28:42:0761;1364390922761;270.7;;;;
2013-03-27 14:28:43:0000;1364390923000;270.9;;;;
2013-03-27 14:28:43:0236;1364390923236;270.8;;;;
2013-03-27 14:28:43:0474;1364390923474;270.7;;;;
2013-03-27 14:28:43:0712;1364390923712;270.8;;;;
2013-03-27 14:28:43:0950;1364390923950;270.8;;;;
2013-03-27 14:28:44:0187;1364390924187;270.8;;;;
2013-03-27 14:28:44:0424;1364390924424;270.8;;;;
2013-03-27 14:28:44:0668;1364390924668;270.8;;;;
2013-03-27 14:28:44:0905;1364390924905;270.8;;;;
2013-03-27 14:28:45:0142;1364390925142;270.7;;;;
2013-03-27 14:28:45:0381;1364390925381;270.7;;;;
2013-03-27 14:28:45:0618;1364390925618;270.7;;;;
2013-03-27 14:28:45:0856;1364390925856;270.7;;;;
2013-03-27 14:28:46:0094;1364390926094;270.7;;;;
2013-03-27 14:28:46:0331;1364390926331;270.8;;;;
2013-03-27 14:28:46:0568;1364390926568;270.7;;;;
2013-03-27 14:28:46:0813;1364390926813;270.7;;;;
2013-03-27 14:28:47:0048;1364390927048;270.7;;;;
2013-03-27 14:28:47:0286;1364390927286;270.7;;;;
2013-03-27 14:28:47:0524;1364390927524;270.7;;;;
2013-03-27 14:28:47:0762;1364390927762;270.8;;;;
2013-03-27 14:28:47:0999;1364390927999;270.7;;;;
2013-03-27 14:28:48:0237;1364390928237;270.7;;;;
2013-03-27 14:28:48:0475;1364390928475;270.7;;;;
2013-03-27 14:28:48:0713;1364390928713;270.6;;;;
2013-03-27 14:28:48:0955;1364390928955;270.7;;;;
2013-03-27 14:28:49:0191;1364390929191;270.7;;;;
2013-03-27 14:28:49:0430;1364390929430;270.6;;;;
2013-03-27 14:28:49:0669;1364390929669;270.7;;;;
2013-03-27 14:28:49:0906;1364390929906;270.7;;;;
2013-03-27 14:28:50:0145;1364390930145;270.6;;;;
2013-03-27 14:28:50:0382;1364390930382;270.5;;;;
2013-03-27 14:28:50:0619;1364390930619;270.5;;;;
2013-03-27 14:28:50:0859;1364390930859;270.7;;;;
2013-03-27 14:28:51:0099;1364390931099;270.7;;;;
2013-03-27 14:28:51:0336;1364390931336;270.6;;;;
2013-03-27 14:28:51:0574;1364390931574;270.5;;;;
2013-03-27 14:28:51:0812;1364390931812;270.6;;;;
2013-03-27 14:28:52:0050;1364390932050;270.7;;;;
2013-03-27 14:28:52:0287;1364390932287;270.6;;;;
2013-03-27 14:28:52:0525;1364390932525;270.6;;;;
2013-03-27 14:28:52:0763;1364390932763;270.7;;;;
2013-03-27 14:28:53:0001;1364390933001;270.7;;;;
2013-03-27 14:28:53:0243;1364390933243;270.6;;;;
2013-03-27 14:28:53:0480;1364390933480;270.6;;;;
2013-03-27 14:28:53:0717;1364390933717;270.6;;;;
2013-03-27 14:28:53:0956;1364390933956;270.9;;;;
2013-03-27 14:28:54:0193;1364390934193;270.8;;;;
2013-03-27 14:28:54:0431;1364390934431;270.8;;;;
2013-03-27 14:28:54:0669;1364390934669;270.8;;;;
2013-03-27 14:28:54:0907;1364390934907;270.85;;;;
2013-03-27 14:28:55:0143;1364390935143;270.65;;;;
2013-03-27 14:28:55:0387;1364390935387;270.6;;;;
2013-03-27 14:28:55:0626;1364390935626;270.6;;;;
2013-03-27 14:28:55:0861;1364390935861;270.6;;;;
2013-03-27 14:28:56:0099;1364390936099;270.7;;;;
2013-03-27 14:28:56:0337;1364390936337;270.7;;;;
2013-03-27 14:28:56:0574;1364390936574;270.7;;;;
2013-03-27 14:28:56:0812;1364390936812;270.8;;;;
2013-03-27 14:28:57:0050;1364390937050;270.8;;;;
2013-03-27 14:28:57:0288;1364390937288;270.8;;;;
2013-03-27 14:28:57:0531;1364390937531;270.8;;;;
2013-03-27 14:28:57:0767;1364390937767;270.8;;;;
2013-03-27 14:28:58:0005;1364390938005;270.8;;;;
2013-03-27 14:28:58:0243;1364390938243;270.8;;;;
2013-03-27 14:28:58:0480;1364390938480;270.8;;;;
2013-03-27 14:28:58:0718;1364390938718;270.8;;;;
2013-03-27 14:28:58:0956;1364390938956;270.6;;;;
2013-03-27 14:28:59:0194;1364390939194;270.6;;;;
2013-03-27 14:28:59:0431;1364390939431;270.7;;;;
2013-03-27 14:28:59:0674;1364390939674;270.7;;;;
2013-03-27 14:28:59:0911;1364390939911;270.8;;;;
2013-03-27 14:29:00:0148;1364390940148;270.8;;;;
2013-03-27 14:29:00:0386;1364390940386;270.8;;;;
2013-03-27 14:29:00:0624;1364390940624;270.7;;;;
2013-03-27 14:29:00:0862;1364390940862;270.8;;;;
2013-03-27 14:29:01:0099;1364390941099;270.9;;;;
2013-03-27 14:29:01:0337;1364390941337;270.9;;;;
2013-03-27 14:29:01:0575;1364390941575;270.9;;;;
2013-03-27 14:29:01:0816;1364390941816;270.9;;;;
2013-03-27 14:29:02:0055;1364390942055;270.8;;;;
2013-03-27 14:29:02:0291;1364390942291;270.8;;;;
2013-03-27 14:29:02:0530;1364390942530;270.8;;;;
2013-03-27 14:29:02:0768;1364390942768;270.8;;;;
2013-03-27 14:29:03:0006;1364390943006;270.8;;;;
2013-03-27 14:29:03:0243;1364390943243;270.8;;;;
2013-03-27 14:29:03:0480;1364390943480;270.8;;;;
2013-03-27 14:29:03:0717;1364390943717;270.8;;;;
2013-03-27 14:29:03:0961;1364390943961;270.8;;;;
2013-03-27 14:29:04:0197;1364390944197;270.7;;;;
2013-03-27 14:29:04:0435;1364390944435;270.8;;;;
2013-03-27 14:29:04:0673;1364390944673;270.8;;;;
2013-03-27 14:29:04:0913;1364390944913;270.8;;;;
2013-03-27 14:29:05:0149;1364390945149;270.8;;;;
2013-03-27 14:29:05:0386;1364390945386;270.8;;;;
2013-03-27 14:29:05:0624;1364390945624;270.7;;;;
2013-03-27 14:29:05:0862;1364390945862;270.7;;;;
2013-03-27 14:29:06:0105;1364390946105;270.8;;;;
2013-03-27 14:29:06:0346;1364390946346;270.7;;;;
2013-03-27 14:29:06:0579;1364390946579;270.75;;;;
2013-03-27 14:29:06:0817;1364390946817;270.8;;;;
2013-03-27 14:29:07:0055;1364390947055;270.8;;;;
2013-03-27 14:29:07:0293;1364390947293;270.8;;;;
2013-03-27 14:29:07:0531;1364390947531;270.8;;;;
2013-03-27 14:29:07:0769;1364390947769;270.9;;;;
2013-03-27 14:29:08:0011;1364390948011;270.9;;;;
2013-03-27 14:29:08:0249;1364390948249;270.8;;;;
2013-03-27 14:29:08:0486;1364390948486;271.0;;;;
2013-03-27 14:29:08:0723;1364390948723;271.0;;;;
2013-03-27 14:29:08:0961;1364390948961;271.0;;;;
2013-03-27 14:29:09:0199;1364390949199;271.0;;;;
2013-03-27 14:29:09:0437;1364390949437;271.0;;;;
2013-03-27 14:29:09:0674;1364390949674;270.8;;;;
2013-03-27 14:29:09:0912;1364390949912;270.8;;;;
2013-03-27 14:29:10:0150;1364390950150;270.8;;;;
2013-03-27 14:29:10:0392;1364390950392;270.8;;;;
2013-03-27 14:29:10:0629;1364390950629;270.8;;;;
2013-03-27 14:29:10:0867;1364390950867;270.8;;;;
2013-03-27 14:29:11:0105;1364390951105;270.8;;;;
2013-03-27 14:29:11:0342;1364390951342;270.8;;;;
2013-03-27 14:29:11:0580;1364390951580;270.8;;;;
2013-03-27 14:29:11:0817;1364390951817;271.0;;;;
2013-03-27 14:29:12:0054;1364390952054;270.9;;;;
2013-03-27 14:29:12:0293;1364390952293;270.9;;;;
2013-03-27 14:29:12:0536;1364390952536;270.7;;;;
2013-03-27 14:29:12:0772;1364390952772;270.7;;;;
2013-03-27 14:29:13:0011;1364390953011;270.7;;;;
2013-03-27 14:29:13:0247;1364390953247;270.7;;;;
2013-03-27 14:29:13:0485;1364390953485;270.7;;;;
2013-03-27 14:29:13:0722;1364390953722;270.9;;;;
2013-03-27 14:29:13:0961;1364390953961;270.9;;;;
2013-03-27 14:29:14:0201;1364390954201;270.8;;;;
2013-03-27 14:29:14:0437;1364390954437;270.9;;;;
2013-03-27 14:29:14:0679;1364390954679;270.7;;;;
2013-03-27 14:29:14:0916;1364390954916;270.85;;;;
2013-03-27 14:29:15:0154;1364390955154;270.9;;;;
2013-03-27 14:29:15:0391;1364390955391;270.9;;;;
2013-03-27 14:29:15:0630;1364390955630;270.85;;;;
2013-03-27 14:29:15:0873;1364390955873;271.0;;;;
2013-03-27 14:29:16:0105;1364390956105;270.8;;;;
2013-03-27 14:29:16:0342;1364390956342;270.6;;;;
2013-03-27 14:29:16:0580;1364390956580;270.7;;;;
2013-03-27 14:29:16:0822;1364390956822;270.8;;;;
2013-03-27 14:29:17:0059;1364390957059;270.8;;;;
2013-03-27 14:29:17:0297;1364390957297;270.8;;;;
2013-03-27 14:29:17:0534;1364390957534;270.8;;;;
2013-03-27 14:29:17:0773;1364390957773;270.8;;;;
2013-03-27 14:29:18:0010;1364390958010;270.8;;;;
2013-03-27 14:29:18:0248;1364390958248;270.8;;;;
2013-03-27 14:29:18:0486;1364390958486;270.8;;;;
2013-03-27 14:29:18:0724;1364390958724;271.0;;;;
2013-03-27 14:29:18:0965;1364390958965;271.0;;;;
2013-03-27 14:29:19:0202;1364390959202;270.9;;;;
2013-03-27 14:29:19:0440;1364390959440;270.9;;;;
2013-03-27 14:29:19:0678;1364390959678;270.8;;;;
2013-03-27 14:29:19:0916;1364390959916;270.9;;;;
2013-03-27 14:29:20:0153;1364390960153;270.9;;;;
2013-03-27 14:29:20:0392;1364390960392;270.9;;;;
2013-03-27 14:29:20:0629;1364390960629;270.9;;;;
2013-03-27 14:29:20:0866;1364390960866;270.9;;;;
2013-03-27 14:29:21:0110;1364390961110;270.9;;;;
2013-03-27 14:29:21:0346;1364390961346;270.9;;;;
2013-03-27 14:29:21:0584;1364390961584;270.9;;;;
2013-03-27 14:29:21:0822;1364390961822;270.8;;;;
2013-03-27 14:29:22:0059;1364390962059;270.8;;;;
2013-03-27 14:29:22:0297;1364390962297;270.8;;;;
2013-03-27 14:29:22:0535;1364390962535;270.9;;;;
2013-03-27 14:29:22:0773;1364390962773;270.9;;;;
2013-03-27 14:29:23:0011;1364390963011;270.9;;;;
2013-03-27 14:29:23:0253;1364390963253;270.8;;;;
2013-03-27 14:29:23:0490;1364390963490;270.9;;;;
2013-03-27 14:29:23:0728;1364390963728;270.8;;;;
2013-03-27 14:29:23:0965;1364390963965;270.8;;;;
2013-03-27 14:29:24:0203;1364390964203;270.8;;;;
2013-03-27 14:29:24:0440;1364390964440;270.8;;;;
2013-03-27 14:29:24:0679;1364390964679;270.8;;;;
2013-03-27 14:29:24:0916;1364390964916;270.8;;;;
2013-03-27 14:29:25:0154;1364390965154;270.8;;;;
2013-03-27 14:29:25:0398;1364390965398;270.8;;;;
2013-03-27 14:29:25:0635;1364390965635;270.8;;;;
2013-03-27 14:29:25:0872;1364390965872;270.9;;;;
2013-03-27 14:29:26:0110;1364390966110;270.75;;;;
2013-03-27 14:29:26:0348;1364390966348;270.75;;;;
2013-03-27 14:29:26:0588;1364390966588;270.8;;;;
2013-03-27 14:29:26:0824;1364390966824;270.8;;;;
2013-03-27 14:29:27:0065;1364390967065;270.8;;;;
2013-03-27 14:29:27:0341;1364390967341;270.8;;;;
2013-03-27 14:29:27:0563;1364390967563;270.8;;;;
2013-03-27 14:29:27:0801;1364390967801;270.8;;;;
2013-03-27 14:29:28:0039;1364390968039;270.8;;;;
2013-03-27 14:29:28:0277;1364390968277;270.7;;;;
2013-03-27 14:29:28:0515;1364390968515;270.7;;;;
2013-03-27 14:29:28:0752;1364390968752;270.7;;;;
2013-03-27 14:29:28:0991;1364390968991;270.8;;;;
2013-03-27 14:29:29:0227;1364390969227;270.8;;;;
2013-03-27 14:29:29:0470;1364390969470;270.9;;;;
2013-03-27 14:29:29:0707;1364390969707;270.8;;;;
2013-03-27 14:29:29:0944;1364390969944;270.8;;;;
2013-03-27 14:29:30:0182;1364390970182;270.8;;;;
2013-03-27 14:29:30:0420;1364390970420;270.75;;;;
2013-03-27 14:29:30:0658;1364390970658;270.7;;;;
2013-03-27 14:29:30:0897;1364390970897;270.8;;;;
2013-03-27 14:29:31:0133;1364390971133;270.8;;;;
2013-03-27 14:29:31:0370;1364390971370;270.9;;;;
2013-03-27 14:29:31:0614;1364390971614;270.75;;;;
2013-03-27 14:29:31:0851;1364390971851;270.7;;;;
2013-03-27 14:29:32:0089;1364390972089;270.7;;;;
2013-03-27 14:29:32:0326;1364390972326;270.7;;;;
2013-03-27 14:29:32:0564;1364390972564;270.9;;;;
2013-03-27 14:29:32:0801;1364390972801;270.8;;;;
2013-03-27 14:29:33:0040;1364390973040;270.8;;;;
2013-03-27 14:29:33:0277;1364390973277;270.8;;;;
2013-03-27 14:29:33:0515;1364390973515;270.8;;;;
2013-03-27 14:29:33:0757;1364390973757;270.8;;;;
2013-03-27 14:29:33:0994;1364390973994;270.9;;;;
2013-03-27 14:29:34:0231;1364390974231;270.8;;;;
2013-03-27 14:29:34:0470;1364390974470;270.8;;;;
2013-03-27 14:29:34:0708;1364390974708;270.8;;;;
2013-03-27 14:29:34:0946;1364390974946;270.7;;;;
2013-03-27 14:29:35:0183;1364390975183;270.7;;;;
2013-03-27 14:29:35:0422;1364390975422;270.7;;;;
2013-03-27 14:29:35:0660;1364390975660;270.75;;;;
2013-03-27 14:29:35:0900;1364390975900;270.8;;;;
2013-03-27 14:29:36:0137;1364390976137;270.8;;;;
2013-03-27 14:29:36:0375;1364390976375;270.7;;;;
2013-03-27 14:29:36:0613;1364390976613;270.6;;;;
2013-03-27 14:29:36:0852;1364390976852;270.65;;;;
2013-03-27 14:29:37:0091;1364390977091;270.7;;;;
2013-03-27 14:29:37:0326;1364390977326;270.7;;;;
2013-03-27 14:29:37:0565;1364390977565;270.7;;;;
2013-03-27 14:29:37:0802;1364390977802;270.7;;;;
2013-03-27 14:29:38:0045;1364390978045;270.7;;;;
2013-03-27 14:29:38:0281;1364390978281;270.7;;;;
2013-03-27 14:29:38:0519;1364390978519;270.7;;;;
2013-03-27 14:29:38:0757;1364390978757;270.7;;;;
2013-03-27 14:29:38:0995;1364390978995;270.7;;;;
2013-03-27 14:29:39:0233;1364390979233;270.6;;;;
2013-03-27 14:29:39:0469;1364390979469;270.8;;;;
2013-03-27 14:29:39:0707;1364390979707;270.8;;;;
2013-03-27 14:29:39:0946;1364390979946;270.8;;;;
2013-03-27 14:29:40:0189;1364390980189;270.7;;;;
2013-03-27 14:29:40:0424;1364390980424;270.7;;;;
2013-03-27 14:29:40:0666;1364390980666;270.7;;;;
2013-03-27 14:29:40:0901;1364390980901;270.7;;;;
2013-03-27 14:29:41:0138;1364390981138;270.8;;;;
2013-03-27 14:29:41:0376;1364390981376;270.8;;;;
2013-03-27 14:29:41:0614;1364390981614;270.8;;;;
2013-03-27 14:29:41:0851;1364390981851;270.7;;;;
2013-03-27 14:29:42:0090;1364390982090;270.7;;;;
2013-03-27 14:29:42:0332;1364390982332;270.6;;;;
2013-03-27 14:29:42:0570;1364390982570;270.7;;;;
2013-03-27 14:29:42:0807;1364390982807;270.7;;;;
2013-03-27 14:29:43:0045;1364390983045;270.8;;;;
2013-03-27 14:29:43:0283;1364390983283;270.8;;;;
2013-03-27 14:29:43:0522;1364390983522;270.8;;;;
2013-03-27 14:29:43:0759;1364390983759;270.8;;;;
2013-03-27 14:29:43:0996;1364390983996;270.8;;;;
2013-03-27 14:29:44:0234;1364390984234;270.8;;;;
2013-03-27 14:29:44:0477;1364390984477;270.8;;;;
2013-03-27 14:29:44:0713;1364390984713;270.8;;;;
2013-03-27 14:29:44:0951;1364390984951;270.6;;;;
2013-03-27 14:29:45:0189;1364390985189;270.6;;;;
2013-03-27 14:29:45:0427;1364390985427;270.6;;;;
2013-03-27 14:29:45:0664;1364390985664;270.8;;;;
2013-03-27 14:29:45:0902;1364390985902;270.7;;;;
2013-03-27 14:29:46:0140;1364390986140;270.7;;;;
2013-03-27 14:29:46:0377;1364390986377;270.7;;;;
2013-03-27 14:29:46:0620;1364390986620;270.8;;;;
2013-03-27 14:29:46:0857;1364390986857;270.6;;;;
2013-03-27 14:29:47:0095;1364390987095;270.8;;;;
2013-03-27 14:29:47:0333;1364390987333;270.8;;;;
2013-03-27 14:29:47:0569;1364390987569;270.8;;;;
2013-03-27 14:29:47:0807;1364390987807;270.8;;;;
2013-03-27 14:29:48:0045;1364390988045;270.8;;;;
2013-03-27 14:29:48:0284;1364390988284;270.9;;;;
2013-03-27 14:29:48:0520;1364390988520;271.0;;;;
2013-03-27 14:29:48:0764;1364390988764;271.0;;;;
2013-03-27 14:29:49:0001;1364390989001;270.8;;;;
2013-03-27 14:29:49:0237;1364390989237;270.8;;;;
2013-03-27 14:29:49:0475;1364390989475;270.8;;;;
2013-03-27 14:29:49:0714;1364390989714;270.8;;;;
2013-03-27 14:29:49:0951;1364390989951;270.8;;;;
2013-03-27 14:29:50:0188;1364390990188;270.8;;;;
2013-03-27 14:29:50:0427;1364390990427;270.7;;;;
2013-03-27 14:29:50:0665;1364390990665;270.7;;;;
2013-03-27 14:29:50:0907;1364390990907;270.7;;;;
2013-03-27 14:29:51:0144;1364390991144;270.7;;;;
2013-03-27 14:29:51:0382;1364390991382;270.7;;;;
2013-03-27 14:29:51:0626;1364390991626;270.7;;;;
2013-03-27 14:29:51:0858;1364390991858;270.7;;;;
2013-03-27 14:29:52:0095;1364390992095;270.7;;;;
2013-03-27 14:29:52:0332;1364390992332;270.7;;;;
2013-03-27 14:29:52:0570;1364390992570;270.6;;;;
2013-03-27 14:29:52:0808;1364390992808;270.6;;;;
2013-03-27 14:29:53:0051;1364390993051;270.6;;;;
2013-03-27 14:29:53:0288;1364390993288;270.8;;;;
2013-03-27 14:29:53:0525;1364390993525;270.9;;;;
2013-03-27 14:29:53:0763;1364390993763;270.85;;;;
2013-03-27 14:29:54:0001;1364390994001;270.7;;;;
2013-03-27 14:29:54:0239;1364390994239;270.7;;;;
2013-03-27 14:29:54:0477;1364390994477;270.7;;;;
2013-03-27 14:29:54:0715;1364390994715;270.7;;;;
2013-03-27 14:29:54:0951;1364390994951;270.8;;;;
2013-03-27 14:29:55:0195;1364390995195;270.8;;;;
2013-03-27 14:29:55:0431;1364390995431;270.8;;;;
2013-03-27 14:29:55:0669;1364390995669;270.8;;;;
2013-03-27 14:29:55:0907;1364390995907;270.8;;;;
2013-03-27 14:29:56:0144;1364390996144;270.7;;;;
2013-03-27 14:29:56:0383;1364390996383;270.8;;;;
2013-03-27 14:29:56:0625;1364390996625;270.8;;;;
2013-03-27 14:29:56:0858;1364390996858;270.8;;;;
2013-03-27 14:29:57:0096;1364390997096;270.9;;;;
2013-03-27 14:29:57:0337;1364390997337;270.9;;;;
2013-03-27 14:29:57:0574;1364390997574;270.9;;;;
2013-03-27 14:29:57:0813;1364390997813;270.8;;;;
2013-03-27 14:29:58:0051;1364390998051;270.9;;;;
2013-03-27 14:29:58:0287;1364390998287;271.0;;;;
2013-03-27 14:29:58:0525;1364390998525;271.0;;;;
2013-03-27 14:29:58:0764;1364390998764;271.0;;;;
2013-03-27 14:29:59:0002;1364390999002;270.9;;;;
2013-03-27 14:29:59:0240;1364390999240;270.9;;;;
2013-03-27 14:29:59:0482;1364390999482;270.9;;;;
2013-03-27 14:29:59:0720;1364390999720;270.9;;;;
2013-03-27 14:29:59:0958;1364390999958;270.9;;;;
2013-03-27 14:30:00:0195;1364391000195;270.9;;;;
2013-03-27 14:30:00:0433;1364391000433;270.8;;;;
2013-03-27 14:30:00:0671;1364391000671;270.9;;;;
2013-03-27 14:30:00:0909;1364391000909;270.7;;;;
2013-03-27 14:30:01:0147;1364391001147;270.8;;;;
2013-03-27 14:30:01:0389;1364391001389;270.8;;;;
2013-03-27 14:30:01:0627;1364391001627;270.8;;;;
2013-03-27 14:30:01:0863;1364391001863;270.8;;;;
2013-03-27 14:30:02:0101;1364391002101;270.8;;;;
2013-03-27 14:30:02:0338;1364391002338;270.7;;;;
2013-03-27 14:30:02:0560;1364391002560;;-34.0;;;
2013-03-27 14:30:02:0560;1364391002560;;;59.5;;
2013-03-27 14:30:02:0561;1364391002561;;;;59.5;
2013-03-27 14:30:02:0575;1364391002575;270.7;;;;
2013-03-27 14:30:02:0709;1364391002709;;;;;59
2013-03-27 14:30:02:0813;1364391002813;270.7;;;;
2013-03-27 14:30:03:0051;1364391003051;270.9;;;;
2013-03-27 14:30:03:0289;1364391003289;270.9;;;;
2013-03-27 14:30:03:0339;1364391003339;;-25.0;;;
2013-03-27 14:30:03:0339;1364391003339;;;52.41;;
2013-03-27 14:30:03:0339;1364391003339;;;;52.41;
2013-03-27 14:30:03:0507;1364391003507;;;;;52
2013-03-27 14:30:03:0527;1364391003527;270.8;;;;
2013-03-27 14:30:03:0708;1364391003708;;-18.0;;;
2013-03-27 14:30:03:0708;1364391003708;;;46.91;;
2013-03-27 14:30:03:0708;1364391003708;;;;46.91;
2013-03-27 14:30:03:0770;1364391003770;270.75;;;;
2013-03-27 14:30:03:0855;1364391003855;;;;;46
2013-03-27 14:30:04:0009;1364391004009;270.85;;;;
2013-03-27 14:30:04:0059;1364391004059;;-12.0;;;
2013-03-27 14:30:04:0059;1364391004059;;;42.230000000000004;;
2013-03-27 14:30:04:0060;1364391004060;;;;42.23;
2013-03-27 14:30:04:0227;1364391004227;;;;;42
2013-03-27 14:30:04:0244;1364391004244;271.0;;;;
2013-03-27 14:30:04:0427;1364391004427;;-8.0;;;
2013-03-27 14:30:04:0427;1364391004427;;;39.11;;
2013-03-27 14:30:04:0428;1364391004428;;;;39.11;
2013-03-27 14:30:04:0495;1364391004495;271.0;;;;
2013-03-27 14:30:04:0643;1364391004643;;;;;39
2013-03-27 14:30:04:0719;1364391004719;270.9;;;;
2013-03-27 14:30:04:0843;1364391004843;;-5.0;;;
2013-03-27 14:30:04:0843;1364391004843;;;36.78;;
2013-03-27 14:30:04:0843;1364391004843;;;;36.78;
2013-03-27 14:30:04:0957;1364391004957;270.7;;;;
2013-03-27 14:30:04:0983;1364391004983;;;;;36
2013-03-27 14:30:05:0184;1364391005184;;-2.0;;;
2013-03-27 14:30:05:0184;1364391005184;;;34.48;;
2013-03-27 14:30:05:0185;1364391005185;;;;34.48;
2013-03-27 14:30:05:0209;1364391005209;270.6;;;;
2013-03-27 14:30:05:0359;1364391005359;;;;;34
2013-03-27 14:30:05:0433;1364391005433;270.7;;;;
2013-03-27 14:30:05:0559;1364391005559;;0.0;;;
2013-03-27 14:30:05:0559;1364391005559;;;32.96;;
2013-03-27 14:30:05:0559;1364391005559;;;;32.96;
2013-03-27 14:30:05:0671;1364391005671;270.8;;;;
2013-03-27 14:30:05:0901;1364391005901;;;;;32
2013-03-27 14:30:05:0913;1364391005913;270.8;;;;
2013-03-27 14:30:06:0101;1364391006101;;0.0;;;
2013-03-27 14:30:06:0101;1364391006101;;;32.96;;
2013-03-27 14:30:06:0102;1364391006102;;;;32.96;
2013-03-27 14:30:06:0150;1364391006150;270.8;;;;
2013-03-27 14:30:06:0388;1364391006388;270.7;;;;
2013-03-27 14:30:06:0455;1364391006455;;;;;32
2013-03-27 14:30:06:0626;1364391006626;270.75;;;;
2013-03-27 14:30:06:0655;1364391006655;;0.0;;;
2013-03-27 14:30:06:0655;1364391006655;;;32.96;;
2013-03-27 14:30:06:0655;1364391006655;;;;32.96;
2013-03-27 14:30:06:0863;1364391006863;270.9;;;;
2013-03-27 14:30:07:0009;1364391007009;;;;;32
2013-03-27 14:30:07:0101;1364391007101;270.8;;;;
2013-03-27 14:30:07:0210;1364391007210;;0.0;;;
2013-03-27 14:30:07:0210;1364391007210;;;32.96;;
2013-03-27 14:30:07:0211;1364391007211;;;;32.96;
2013-03-27 14:30:07:0338;1364391007338;270.8;;;;
2013-03-27 14:30:07:0561;1364391007561;;;;;32
2013-03-27 14:30:07:0577;1364391007577;270.8;;;;
2013-03-27 14:30:07:0761;1364391007761;;0.0;;;
2013-03-27 14:30:07:0761;1364391007761;;;32.96;;
2013-03-27 14:30:07:0761;1364391007761;;;;32.96;
2013-03-27 14:30:07:0814;1364391007814;271.0;;;;
2013-03-27 14:30:08:0057;1364391008057;271.0;;;;
2013-03-27 14:30:08:0105;1364391008105;;;;;32
2013-03-27 14:30:08:0300;1364391008300;270.8;;;;
2013-03-27 14:30:08:0307;1364391008307;;0.0;;;
2013-03-27 14:30:08:0307;1364391008307;;;32.96;;
2013-03-27 14:30:08:0307;1364391008307;;;;32.96;
2013-03-27 14:30:08:0531;1364391008531;270.7;;;;
2013-03-27 14:30:08:0646;1364391008646;;;;;32
2013-03-27 14:30:08:0769;1364391008769;270.8;;;;
2013-03-27 14:30:08:0847;1364391008847;;0.0;;;
2013-03-27 14:30:08:0847;1364391008847;;;32.96;;
2013-03-27 14:30:08:0847;1364391008847;;;;32.96;
2013-03-27 14:30:09:0007;1364391009007;270.8;;;;
2013-03-27 14:30:09:0196;1364391009196;;;;;32
2013-03-27 14:30:09:0243;1364391009243;270.8;;;;
2013-03-27 14:30:09:0397;1364391009397;;0.0;;;
2013-03-27 14:30:09:0397;1364391009397;;;32.96;;
2013-03-27 14:30:09:0397;1364391009397;;;;32.96;
2013-03-27 14:30:09:0482;1364391009482;270.7;;;;
2013-03-27 14:30:09:0720;1364391009720;270.8;;;;
2013-03-27 14:30:09:0762;1364391009762;;;;;32
2013-03-27 14:30:09:0958;1364391009958;270.7;;;;
2013-03-27 14:30:09:0963;1364391009963;;0.0;;;
2013-03-27 14:30:09:0963;1364391009963;;;32.96;;
2013-03-27 14:30:09:0963;1364391009963;;;;32.96;
2013-03-27 14:30:10:0200;1364391010200;270.7;;;;
2013-03-27 14:30:10:0293;1364391010293;;;;;32
2013-03-27 14:30:10:0437;1364391010437;270.9;;;;
2013-03-27 14:30:10:0494;1364391010494;;0.0;;;
2013-03-27 14:30:10:0494;1364391010494;;;32.96;;
2013-03-27 14:30:10:0494;1364391010494;;;;32.96;
2013-03-27 14:30:10:0675;1364391010675;270.9;;;;
2013-03-27 14:30:10:0828;1364391010828;;;;;32
2013-03-27 14:30:10:0912;1364391010912;270.9;;;;
2013-03-27 14:30:11:0028;1364391011028;;0.0;;;
2013-03-27 14:30:11:0028;1364391011028;;;32.96;;
2013-03-27 14:30:11:0028;1364391011028;;;;32.96;
2013-03-27 14:30:11:0149;1364391011149;270.9;;;;
2013-03-27 14:30:11:0376;1364391011376;;;;;32
2013-03-27 14:30:11:0387;1364391011387;271.0;;;;
2013-03-27 14:30:11:0577;1364391011577;;0.0;;;
2013-03-27 14:30:11:0577;1364391011577;;;32.96;;
2013-03-27 14:30:11:0577;1364391011577;;;;32.96;
2013-03-27 14:30:11:0624;1364391011624;271.0;;;;
2013-03-27 14:30:11:0863;1364391011863;271.0;;;;
2013-03-27 14:30:11:0902;1364391011902;;;;;32
2013-03-27 14:30:12:0101;1364391012101;270.9;;;;
2013-03-27 14:30:12:0103;1364391012103;;0.0;;;
2013-03-27 14:30:12:0103;1364391012103;;;32.96;;
2013-03-27 14:30:12:0103;1364391012103;;;;32.96;
2013-03-27 14:30:12:0343;1364391012343;270.9;;;;
2013-03-27 14:30:12:0429;1364391012429;;;;;32
2013-03-27 14:30:12:0580;1364391012580;270.9;;;;
2013-03-27 14:30:12:0630;1364391012630;;0.0;;;
2013-03-27 14:30:12:0630;1364391012630;;;32.96;;
2013-03-27 14:30:12:0630;1364391012630;;;;32.96;
2013-03-27 14:30:12:0818;1364391012818;270.9;;;;
2013-03-27 14:30:12:0993;1364391012993;;;;;32
2013-03-27 14:30:13:0056;1364391013056;270.8;;;;
2013-03-27 14:30:13:0194;1364391013194;;0.0;;;
2013-03-27 14:30:13:0194;1364391013194;;;32.96;;
2013-03-27 14:30:13:0195;1364391013195;;;;32.96;
2013-03-27 14:30:13:0294;1364391013294;270.8;;;;
2013-03-27 14:30:13:0531;1364391013531;270.8;;;;
2013-03-27 14:30:13:0531;1364391013531;;;;;32
2013-03-27 14:30:13:0731;1364391013731;;0.0;;;
2013-03-27 14:30:13:0731;1364391013731;;;32.96;;
2013-03-27 14:30:13:0731;1364391013731;;;;32.96;
2013-03-27 14:30:13:0769;1364391013769;270.9;;;;
2013-03-27 14:30:14:0006;1364391014006;270.8;;;;
2013-03-27 14:30:14:0113;1364391014113;;;;;32
2013-03-27 14:30:14:0245;1364391014245;270.8;;;;
2013-03-27 14:30:14:0313;1364391014313;;0.0;;;
2013-03-27 14:30:14:0313;1364391014313;;;32.96;;
2013-03-27 14:30:14:0314;1364391014314;;;;32.96;
2013-03-27 14:30:14:0487;1364391014487;270.8;;;;
2013-03-27 14:30:14:0686;1364391014686;;;;;32
2013-03-27 14:30:14:0723;1364391014723;270.9;;;;
2013-03-27 14:30:14:0888;1364391014888;;0.0;;;
2013-03-27 14:30:14:0888;1364391014888;;;32.96;;
2013-03-27 14:30:14:0888;1364391014888;;;;32.96;
2013-03-27 14:30:14:0962;1364391014962;270.9;;;;
2013-03-27 14:30:15:0199;1364391015199;270.9;;;;
2013-03-27 14:30:15:0245;1364391015245;;;;;32
2013-03-27 14:30:15:0437;1364391015437;270.9;;;;
2013-03-27 14:30:15:0446;1364391015446;;0.0;;;
2013-03-27 14:30:15:0446;1364391015446;;;32.96;;
2013-03-27 14:30:15:0454;1364391015454;;;;32.96;
2013-03-27 14:30:15:0675;1364391015675;271.1;;;;
2013-03-27 14:30:15:0800;1364391015800;;;;;32
2013-03-27 14:30:15:0922;1364391015922;271.1;;;;
2013-03-27 14:30:16:0000;1364391016000;;0.0;;;
2013-03-27 14:30:16:0000;1364391016000;;;32.96;;
2013-03-27 14:30:16:0001;1364391016001;;;;32.96;
2013-03-27 14:30:16:0150;1364391016150;271.0;;;;
2013-03-27 14:30:16:0351;1364391016351;;;;;32
2013-03-27 14:30:16:0388;1364391016388;270.9;;;;
2013-03-27 14:30:16:0551;1364391016551;;0.0;;;
2013-03-27 14:30:16:0551;1364391016551;;;32.96;;
2013-03-27 14:30:16:0551;1364391016551;;;;32.96;
2013-03-27 14:30:16:0631;1364391016631;270.9;;;;
2013-03-27 14:30:16:0867;1364391016867;270.9;;;;
2013-03-27 14:30:16:0918;1364391016918;;;;;32
2013-03-27 14:30:17:0106;1364391017106;270.8;;;;
2013-03-27 14:30:17:0118;1364391017118;;0.0;;;
2013-03-27 14:30:17:0118;1364391017118;;;32.96;;
2013-03-27 14:30:17:0118;1364391017118;;;;32.96;
2013-03-27 14:30:17:0344;1364391017344;270.7;;;;
2013-03-27 14:30:17:0468;1364391017468;;;;;32
2013-03-27 14:30:17:0581;1364391017581;270.8;;;;
2013-03-27 14:30:17:0668;1364391017668;;0.0;;;
2013-03-27 14:30:17:0668;1364391017668;;;32.96;;
2013-03-27 14:30:17:0668;1364391017668;;;;32.96;
2013-03-27 14:30:17:0818;1364391017818;270.8;;;;
2013-03-27 14:30:18:0041;1364391018041;;;;;32
2013-03-27 14:30:18:0057;1364391018057;270.7;;;;
2013-03-27 14:30:18:0242;1364391018242;;0.0;;;
2013-03-27 14:30:18:0242;1364391018242;;;32.96;;
2013-03-27 14:30:18:0242;1364391018242;;;;32.96;
2013-03-27 14:30:18:0295;1364391018295;270.8;;;;
2013-03-27 14:30:18:0533;1364391018533;270.8;;;;
2013-03-27 14:30:18:0580;1364391018580;;;;;32
2013-03-27 14:30:18:0775;1364391018775;270.7;;;;
2013-03-27 14:30:18:0781;1364391018781;;0.0;;;
2013-03-27 14:30:18:0781;1364391018781;;;32.96;;
2013-03-27 14:30:18:0782;1364391018782;;;;32.96;
2013-03-27 14:30:19:0012;1364391019012;270.7;;;;
2013-03-27 14:30:19:0166;1364391019166;;;;;32
2013-03-27 14:30:19:0250;1364391019250;270.8;;;;
2013-03-27 14:30:19:0367;1364391019367;;0.0;;;
2013-03-27 14:30:19:0367;1364391019367;;;32.96;;
2013-03-27 14:30:19:0367;1364391019367;;;;32.96;
2013-03-27 14:30:19:0486;1364391019486;270.8;;;;
2013-03-27 14:30:19:0725;1364391019725;270.9;;;;
2013-03-27 14:30:19:0732;1364391019732;;;;;32
2013-03-27 14:30:19:0933;1364391019933;;0.0;;;
2013-03-27 14:30:19:0933;1364391019933;;;32.96;;
2013-03-27 14:30:19:0933;1364391019933;;;;32.96;
2013-03-27 14:30:19:0963;1364391019963;270.9;;;;
2013-03-27 14:30:20:0201;1364391020201;270.9;;;;
2013-03-27 14:30:20:0264;1364391020264;;;;;32
2013-03-27 14:30:20:0437;1364391020437;270.9;;;;
2013-03-27 14:30:20:0465;1364391020465;;0.0;;;
2013-03-27 14:30:20:0465;1364391020465;;;32.96;;
2013-03-27 14:30:20:0465;1364391020465;;;;32.96;
2013-03-27 14:30:20:0676;1364391020676;270.9;;;;
2013-03-27 14:30:20:0796;1364391020796;;;;;32
2013-03-27 14:30:20:0920;1364391020920;270.8;;;;
2013-03-27 14:30:20:0997;1364391020997;;0.0;;;
2013-03-27 14:30:20:0997;1364391020997;;;32.96;;
2013-03-27 14:30:20:0997;1364391020997;;;;32.96;
2013-03-27 14:30:21:0156;1364391021156;271.0;;;;
2013-03-27 14:30:21:0349;1364391021349;;;;;32
2013-03-27 14:30:21:0393;1364391021393;270.6;;;;
2013-03-27 14:30:21:0549;1364391021549;;0.0;;;
2013-03-27 14:30:21:0549;1364391021549;;;32.96;;
2013-03-27 14:30:21:0549;1364391021549;;;;32.96;
2013-03-27 14:30:21:0630;1364391021630;270.2;;;;
2013-03-27 14:30:21:0869;1364391021869;272.2;;;;
2013-03-27 14:30:21:0883;1364391021883;;;;;32
2013-03-27 14:30:22:0084;1364391022084;;0.0;;;
2013-03-27 14:30:22:0084;1364391022084;;;32.96;;
2013-03-27 14:30:22:0084;1364391022084;;;;32.96;
2013-03-27 14:30:22:0105;1364391022105;278.1;;;;
2013-03-27 14:30:22:0344;1364391022344;282.2;;;;
2013-03-27 14:30:22:0433;1364391022433;;;;;32
2013-03-27 14:30:22:0583;1364391022583;281.85;;;;
2013-03-27 14:30:22:0639;1364391022639;;0.0;;;
2013-03-27 14:30:22:0639;1364391022639;;;32.96;;
2013-03-27 14:30:22:0640;1364391022640;;;;32.96;
2013-03-27 14:30:22:0819;1364391022819;284.1;;;;
2013-03-27 14:30:22:0982;1364391022982;;;;;32
2013-03-27 14:30:23:0062;1364391023062;285.1;;;;
2013-03-27 14:30:23:0183;1364391023183;;0.0;;;
2013-03-27 14:30:23:0183;1364391023183;;;32.96;;
2013-03-27 14:30:23:0183;1364391023183;;;;32.96;
2013-03-27 14:30:23:0299;1364391023299;284.6;;;;
2013-03-27 14:30:23:0537;1364391023537;284.5;;;;
2013-03-27 14:30:23:0546;1364391023546;;;;;32
2013-03-27 14:30:23:0746;1364391023746;;0.0;;;
2013-03-27 14:30:23:0746;1364391023746;;;32.96;;
2013-03-27 14:30:23:0746;1364391023746;;;;32.96;
2013-03-27 14:30:23:0773;1364391023773;283.8;;;;
2013-03-27 14:30:24:0012;1364391024012;283.2;;;;
2013-03-27 14:30:24:0090;1364391024090;;;;;32
2013-03-27 14:30:24:0249;1364391024249;281.75;;;;
2013-03-27 14:30:24:0291;1364391024291;;0.0;;;
2013-03-27 14:30:24:0291;1364391024291;;;32.96;;
2013-03-27 14:30:24:0291;1364391024291;;;;32.96;
2013-03-27 14:30:24:0487;1364391024487;281.1;;;;
2013-03-27 14:30:24:0634;1364391024634;;;;;32
2013-03-27 14:30:24:0725;1364391024725;280.3;;;;
2013-03-27 14:30:24:0838;1364391024838;;0.0;;;
2013-03-27 14:30:24:0838;1364391024838;;;32.96;;
2013-03-27 14:30:24:0839;1364391024839;;;;32.96;
2013-03-27 14:30:24:0963;1364391024963;277.15;;;;
2013-03-27 14:30:25:0200;1364391025200;;;;;32
2013-03-27 14:30:25:0205;1364391025205;273.6;;;;
2013-03-27 14:30:25:0401;1364391025401;;0.0;;;
2013-03-27 14:30:25:0401;1364391025401;;;32.96;;
2013-03-27 14:30:25:0401;1364391025401;;;;32.96;
2013-03-27 14:30:25:0442;1364391025442;269.85;;;;
2013-03-27 14:30:25:0680;1364391025680;266.6;;;;
2013-03-27 14:30:25:0778;1364391025778;;;;;32
2013-03-27 14:30:25:0918;1364391025918;263.5;;;;
2013-03-27 14:30:25:0979;1364391025979;;0.0;;;
2013-03-27 14:30:25:0979;1364391025979;;;32.96;;
2013-03-27 14:30:25:0979;1364391025979;;;;32.96;
2013-03-27 14:30:26:0155;1364391026155;259.8;;;;
2013-03-27 14:30:26:0342;1364391026342;;;;;32
2013-03-27 14:30:26:0392;1364391026392;253.6;;;;
2013-03-27 14:30:26:0543;1364391026543;;0.0;;;
2013-03-27 14:30:26:0543;1364391026543;;;32.96;;
2013-03-27 14:30:26:0543;1364391026543;;;;32.96;
2013-03-27 14:30:26:0631;1364391026631;242.2;;;;
2013-03-27 14:30:26:0869;1364391026869;227.15;;;;
2013-03-27 14:30:26:0904;1364391026904;;;;;32
2013-03-27 14:30:27:0105;1364391027105;;0.0;;;
2013-03-27 14:30:27:0105;1364391027105;;;32.96;;
2013-03-27 14:30:27:0105;1364391027105;;;;32.96;
2013-03-27 14:30:27:0107;1364391027107;212.85;;;;
2013-03-27 14:30:27:0349;1364391027349;197.75;;;;
2013-03-27 14:30:27:0457;1364391027457;;;;;32
2013-03-27 14:30:27:0585;1364391027585;184.9;;;;
2013-03-27 14:30:27:0657;1364391027657;;30.22222222222223;;;
2013-03-27 14:30:27:0657;1364391027657;;;40.51555555555556;;
2013-03-27 14:30:27:0657;1364391027657;;;;40.515556;
2013-03-27 14:30:27:0803;1364391027803;;;;;40
2013-03-27 14:30:27:0823;1364391027823;170.4;;;;
2013-03-27 14:30:28:0004;1364391028004;;36.0;;;
2013-03-27 14:30:28:0004;1364391028004;;;48.26222222222222;;
2013-03-27 14:30:28:0004;1364391028004;;;;48.262222;
2013-03-27 14:30:28:0061;1364391028061;162.25;;;;
2013-03-27 14:30:28:0151;1364391028151;;;;;48
2013-03-27 14:30:28:0299;1364391028299;153.15;;;;
2013-03-27 14:30:28:0351;1364391028351;;43.111111111111114;;;
2013-03-27 14:30:28:0351;1364391028351;;;58.400000000000006;;
2013-03-27 14:30:28:0352;1364391028352;;;;58.4;
2013-03-27 14:30:28:0495;1364391028495;;;;;58
2013-03-27 14:30:28:0537;1364391028537;149.55;;;;
2013-03-27 14:30:28:0703;1364391028703;;36.66666666666666;;;
2013-03-27 14:30:28:0703;1364391028703;;;67.22;;
2013-03-27 14:30:28:0704;1364391028704;;;;67.22;
2013-03-27 14:30:28:0773;1364391028773;149.6;;;;
2013-03-27 14:30:28:0853;1364391028853;;;;;67
2013-03-27 14:30:29:0012;1364391029012;148.75;;;;
2013-03-27 14:30:29:0054;1364391029054;;28.555555555555557;;;
2013-03-27 14:30:29:0054;1364391029054;;;74.55888888888889;;
2013-03-27 14:30:29:0054;1364391029054;;;;74.55889;
2013-03-27 14:30:29:0213;1364391029213;;;;;74
2013-03-27 14:30:29:0249;1364391029249;148.7;;;;
2013-03-27 14:30:29:0413;1364391029413;;21.555555555555557;;;
2013-03-27 14:30:29:0413;1364391029413;;;80.09444444444445;;
2013-03-27 14:30:29:0413;1364391029413;;;;80.094444;
2013-03-27 14:30:29:0492;1364391029492;149.0;;;;
2013-03-27 14:30:29:0551;1364391029551;;;;;80
2013-03-27 14:30:29:0729;1364391029729;148.9;;;;
2013-03-27 14:30:29:0751;1364391029751;;15.555555555555557;;;
2013-03-27 14:30:29:0751;1364391029751;;;84.81;;
2013-03-27 14:30:29:0751;1364391029751;;;;84.81;
2013-03-27 14:30:29:0893;1364391029893;;;;;84
2013-03-27 14:30:29:0966;1364391029966;149.0;;;;
2013-03-27 14:30:30:0093;1364391030093;;11.555555555555557;;;
2013-03-27 14:30:30:0093;1364391030093;;;87.96555555555555;;
2013-03-27 14:30:30:0093;1364391030093;;;;87.96555;
2013-03-27 14:30:30:0205;1364391030205;149.3;;;;
2013-03-27 14:30:30:0277;1364391030277;;;;;87
2013-03-27 14:30:30:0442;1364391030442;149.1;;;;
2013-03-27 14:30:30:0477;1364391030477;;7.666666666666657;;;
2013-03-27 14:30:30:0477;1364391030477;;;90.10888888888888;;
2013-03-27 14:30:30:0477;1364391030477;;;;90.10889;
2013-03-27 14:30:30:0623;1364391030623;;;;;90
2013-03-27 14:30:30:0680;1364391030680;148.9;;;;
2013-03-27 14:30:30:0823;1364391030823;;5.555555555555557;;;
2013-03-27 14:30:30:0823;1364391030823;;;92.65777777777778;;
2013-03-27 14:30:30:0823;1364391030823;;;;92.657776;
2013-03-27 14:30:30:0918;1364391030918;149.1;;;;
2013-03-27 14:30:30:0965;1364391030965;;;;;92
2013-03-27 14:30:31:0160;1364391031160;149.1;;;;
2013-03-27 14:30:31:0167;1364391031167;;2.666666666666657;;;
2013-03-27 14:30:31:0167;1364391031167;;;93.99111111111111;;
2013-03-27 14:30:31:0167;1364391031167;;;;93.99111;
2013-03-27 14:30:31:0309;1364391031309;;;;;93
2013-03-27 14:30:31:0392;1364391031392;149.1;;;;
2013-03-27 14:30:31:0509;1364391031509;;1.6666666666666572;;;
2013-03-27 14:30:31:0509;1364391031509;;;94.76777777777778;;
2013-03-27 14:30:31:0509;1364391031509;;;;94.76778;
2013-03-27 14:30:31:0636;1364391031636;149.1;;;;
2013-03-27 14:30:31:0649;1364391031649;;;;;94
2013-03-27 14:30:31:0849;1364391031849;;0.6666666666666572;;;
2013-03-27 14:30:31:0849;1364391031849;;;95.53444444444445;;
2013-03-27 14:30:31:0849;1364391031849;;;;95.53445;
2013-03-27 14:30:31:0872;1364391031872;149.6;;;;
2013-03-27 14:30:32:0012;1364391032012;;;;;95
2013-03-27 14:30:32:0110;1364391032110;151.5;;;;
2013-03-27 14:30:32:0213;1364391032213;;-2.1111111111111143;;;
2013-03-27 14:30:32:0213;1364391032213;;;95.84666666666666;;
2013-03-27 14:30:32:0213;1364391032213;;;;95.846664;
2013-03-27 14:30:32:0348;1364391032348;158.45;;;;
2013-03-27 14:30:32:0353;1364391032353;;;;;95
2013-03-27 14:30:32:0554;1364391032554;;-8.333333333333329;;;
2013-03-27 14:30:32:0554;1364391032554;;;94.27000000000001;;
2013-03-27 14:30:32:0554;1364391032554;;;;94.27;
2013-03-27 14:30:32:0586;1364391032586;174.8;;;;
2013-03-27 14:30:32:0715;1364391032715;;;;;94
2013-03-27 14:30:32:0823;1364391032823;183.5;;;;
2013-03-27 14:30:32:0915;1364391032915;;-29.022222222222226;;;
2013-03-27 14:30:32:0915;1364391032915;;;88.01444444444445;;
2013-03-27 14:30:32:0916;1364391032916;;;;88.01444;
2013-03-27 14:30:33:0061;1364391033061;187.85;;;;
2013-03-27 14:30:33:0064;1364391033064;;;;;88
2013-03-27 14:30:33:0265;1364391033265;;-26.044444444444444;;;
2013-03-27 14:30:33:0265;1364391033265;;;82.46866666666666;;
2013-03-27 14:30:33:0265;1364391033265;;;;82.468666;
2013-03-27 14:30:33:0299;1364391033299;208.9;;;;
2013-03-27 14:30:33:0427;1364391033427;;;;;82
2013-03-27 14:30:33:0536;1364391033536;228.1;;;;
2013-03-27 14:30:33:0627;1364391033627;;-48.0;;;
2013-03-27 14:30:33:0627;1364391033627;;;70.71933333333334;;
2013-03-27 14:30:33:0627;1364391033627;;;;70.71933;
2013-03-27 14:30:33:0766;1364391033766;;;;;70
2013-03-27 14:30:33:0778;1364391033778;252.75;;;;
2013-03-27 14:30:33:0966;1364391033966;;-36.0;;;
2013-03-27 14:30:33:0966;1364391033966;;;61.239333333333335;;
2013-03-27 14:30:33:0966;1364391033966;;;;61.239334;
2013-03-27 14:30:34:0017;1364391034017;265.4;;;;
2013-03-27 14:30:34:0146;1364391034146;;;;;61
2013-03-27 14:30:34:0254;1364391034254;271.6;;;;
2013-03-27 14:30:34:0346;1364391034346;;-27.0;;;
2013-03-27 14:30:34:0346;1364391034346;;;54.129333333333335;;
2013-03-27 14:30:34:0346;1364391034346;;;;54.129333;
2013-03-27 14:30:34:0493;1364391034493;275.1;;;;
2013-03-27 14:30:34:0523;1364391034523;;;;;54
2013-03-27 14:30:34:0723;1364391034723;;-20.0;;;
2013-03-27 14:30:34:0723;1364391034723;;;48.60933333333334;;
2013-03-27 14:30:34:0723;1364391034723;;;;48.609333;
2013-03-27 14:30:34:0729;1364391034729;278.15;;;;
2013-03-27 14:30:34:0875;1364391034875;;;;;48
2013-03-27 14:30:34:0968;1364391034968;280.0;;;;
2013-03-27 14:30:35:0075;1364391035075;;-14.0;;;
2013-03-27 14:30:35:0075;1364391035075;;;43.909333333333336;;
2013-03-27 14:30:35:0075;1364391035075;;;;43.909332;
2013-03-27 14:30:35:0205;1364391035205;283.65;;;;
2013-03-27 14:30:35:0233;1364391035233;;;;;43
2013-03-27 14:30:35:0435;1364391035435;;-9.0;;;
2013-03-27 14:30:35:0435;1364391035435;;;40.019333333333336;;
2013-03-27 14:30:35:0435;1364391035435;;;;40.019333;
2013-03-27 14:30:35:0444;1364391035444;286.6;;;;
2013-03-27 14:30:35:0575;1364391035575;;;;;40
2013-03-27 14:30:35:0681;1364391035681;289.15;;;;
2013-03-27 14:30:35:0775;1364391035775;;-6.0;;;
2013-03-27 14:30:35:0775;1364391035775;;;37.67933333333334;;
2013-03-27 14:30:35:0775;1364391035775;;;;37.679333;
2013-03-27 14:30:35:0924;1364391035924;291.05;;;;
2013-03-27 14:30:35:0929;1364391035929;;;;;37
2013-03-27 14:30:36:0129;1364391036129;;-3.0;;;
2013-03-27 14:30:36:0129;1364391036129;;;35.36933333333334;;
2013-03-27 14:30:36:0129;1364391036129;;;;35.369335;
2013-03-27 14:30:36:0160;1364391036160;294.55;;;;
2013-03-27 14:30:36:0285;1364391036285;;;;;35
2013-03-27 14:30:36:0398;1364391036398;296.7;;;;
2013-03-27 14:30:36:0486;1364391036486;;-1.0;;;
2013-03-27 14:30:36:0486;1364391036486;;;33.839333333333336;;
2013-03-27 14:30:36:0486;1364391036486;;;;33.839333;
2013-03-27 14:30:36:0635;1364391036635;298.15;;;;
2013-03-27 14:30:36:0829;1364391036829;;;;;33
2013-03-27 14:30:36:0874;1364391036874;297.2;;;;
2013-03-27 14:30:37:0029;1364391037029;;-1.0;;;
2013-03-27 14:30:37:0029;1364391037029;;;33.82933333333334;;
2013-03-27 14:30:37:0029;1364391037029;;;;33.829334;
2013-03-27 14:30:37:0111;1364391037111;292.9;;;;
2013-03-27 14:30:37:0349;1364391037349;286.1;;;;
2013-03-27 14:30:37:0375;1364391037375;;;;;33
2013-03-27 14:30:37:0575;1364391037575;;-1.0;;;
2013-03-27 14:30:37:0575;1364391037575;;;33.81933333333334;;
2013-03-27 14:30:37:0575;1364391037575;;;;33.819332;
2013-03-27 14:30:37:0587;1364391037587;276.6;;;;
2013-03-27 14:30:37:0825;1364391037825;269.25;;;;
2013-03-27 14:30:37:0907;1364391037907;;;;;33
2013-03-27 14:30:38:0067;1364391038067;263.45;;;;
2013-03-27 14:30:38:0108;1364391038108;;-1.0;;;
2013-03-27 14:30:38:0108;1364391038108;;;33.80933333333334;;
2013-03-27 14:30:38:0108;1364391038108;;;;33.809334;
2013-03-27 14:30:38:0304;1364391038304;257.5;;;;
2013-03-27 14:30:38:0449;1364391038449;;;;;33
2013-03-27 14:30:38:0541;1364391038541;250.1;;;;
2013-03-27 14:30:38:0649;1364391038649;;-1.0;;;
2013-03-27 14:30:38:0649;1364391038649;;;33.79933333333334;;
2013-03-27 14:30:38:0649;1364391038649;;;;33.79933;
2013-03-27 14:30:38:0780;1364391038780;242.1;;;;
2013-03-27 14:30:38:0993;1364391038993;;;;;33
2013-03-27 14:30:39:0018;1364391039018;234.95;;;;
2013-03-27 14:30:39:0193;1364391039193;;-1.0;;;
2013-03-27 14:30:39:0193;1364391039193;;;33.78933333333334;;
2013-03-27 14:30:39:0193;1364391039193;;;;33.789333;
2013-03-27 14:30:39:0255;1364391039255;224.25;;;;
2013-03-27 14:30:39:0493;1364391039493;215.15;;;;
2013-03-27 14:30:39:0551;1364391039551;;;;;33
2013-03-27 14:30:39:0731;1364391039731;207.2;;;;
2013-03-27 14:30:39:0751;1364391039751;;11.844444444444449;;;
2013-03-27 14:30:39:0751;1364391039751;;;36.99044444444445;;
2013-03-27 14:30:39:0751;1364391039751;;;;36.990444;
2013-03-27 14:30:39:0889;1364391039889;;;;;36
2013-03-27 14:30:39:0967;1364391039967;196.5;;;;
2013-03-27 14:30:40:0090;1364391040090;;19.15555555555555;;;
2013-03-27 14:30:40:0090;1364391040090;;;39.936666666666675;;
2013-03-27 14:30:40:0091;1364391040091;;;;39.93667;
2013-03-27 14:30:40:0211;1364391040211;183.95;;;;
2013-03-27 14:30:40:0233;1364391040233;;;;;39
2013-03-27 14:30:40:0433;1364391040433;;25.977777777777774;;;
2013-03-27 14:30:40:0433;1364391040433;;;44.83377777777778;;
2013-03-27 14:30:40:0433;1364391040433;;;;44.83378;
2013-03-27 14:30:40:0448;1364391040448;171.95;;;;
2013-03-27 14:30:40:0579;1364391040579;;;;;44
2013-03-27 14:30:40:0693;1364391040693;162.75;;;;
2013-03-27 14:30:40:0780;1364391040780;;39.111111111111114;;;
2013-03-27 14:30:40:0780;1364391040780;;;53.3768888888889;;
2013-03-27 14:30:40:0780;1364391040780;;;;53.37689;
2013-03-27 14:30:40:0919;1364391040919;;;;;53
2013-03-27 14:30:40:0923;1364391040923;151.65;;;;
2013-03-27 14:30:41:0119;1364391041119;;39.888888888888886;;;
2013-03-27 14:30:41:0119;1364391041119;;;62.96244444444445;;
2013-03-27 14:30:41:0119;1364391041119;;;;62.962444;
2013-03-27 14:30:41:0161;1364391041161;140.1;;;;
2013-03-27 14:30:41:0261;1364391041261;;;;;62
2013-03-27 14:30:41:0398;1364391041398;128.9;;;;
2013-03-27 14:30:41:0461;1364391041461;;46.0;;;
2013-03-27 14:30:41:0461;1364391041461;;;73.88911111111112;;
2013-03-27 14:30:41:0461;1364391041461;;;;73.889114;
2013-03-27 14:30:41:0629;1364391041629;;;;;73
2013-03-27 14:30:41:0636;1364391041636;118.85;;;;
2013-03-27 14:30:41:0830;1364391041830;;35.0;;;
2013-03-27 14:30:41:0830;1364391041830;;;82.59911111111111;;
2013-03-27 14:30:41:0830;1364391041830;;;;82.59911;
2013-03-27 14:30:41:0874;1364391041874;109.05;;;;
2013-03-27 14:30:41:0973;1364391041973;;;;;82
2013-03-27 14:30:42:0112;1364391042112;100.55;;;;
2013-03-27 14:30:42:0173;1364391042173;;26.0;;;
2013-03-27 14:30:42:0173;1364391042173;;;89.69911111111112;;
2013-03-27 14:30:42:0174;1364391042174;;;;89.69911;
2013-03-27 14:30:42:0329;1364391042329;;;;;89
2013-03-27 14:30:42:0354;1364391042354;92.9;;;;
2013-03-27 14:30:42:0530;1364391042530;;19.0;;;
2013-03-27 14:30:42:0530;1364391042530;;;95.20911111111113;;
2013-03-27 14:30:42:0530;1364391042530;;;;95.209114;
2013-03-27 14:30:42:0591;1364391042591;86.8;;;;
2013-03-27 14:30:42:0671;1364391042671;;;;;95
2013-03-27 14:30:42:0829;1364391042829;84.1;;;;
2013-03-27 14:30:42:0871;1364391042871;;13.0;;;
2013-03-27 14:30:42:0871;1364391042871;;;99.89911111111113;;
2013-03-27 14:30:42:0871;1364391042871;;;;99.89911;
2013-03-27 14:30:43:0023;1364391043023;;;;;99
2013-03-27 14:30:43:0066;1364391043066;83.2;;;;
2013-03-27 14:30:43:0223;1364391043223;;9.0;;;
2013-03-27 14:30:43:0223;1364391043223;;;103.02911111111112;;
2013-03-27 14:30:43:0223;1364391043223;;;;103.02911;
2013-03-27 14:30:43:0306;1364391043306;83.7;;;;
2013-03-27 14:30:43:0403;1364391043403;;;;;103
2013-03-27 14:30:43:0542;1364391043542;83.1;;;;
2013-03-27 14:30:43:0603;1364391043603;;5.0;;;
2013-03-27 14:30:43:0603;1364391043603;;;106.11911111111112;;
2013-03-27 14:30:43:0603;1364391043603;;;;106.11911;
2013-03-27 14:30:43:0779;1364391043779;79.45;;;;
2013-03-27 14:30:43:0787;1364391043787;;;;;106
2013-03-27 14:30:43:0988;1364391043988;;2.0;;;
2013-03-27 14:30:43:0988;1364391043988;;;108.41911111111112;;
2013-03-27 14:30:43:0988;1364391043988;;;;108.41911;
2013-03-27 14:30:44:0016;1364391044016;73.0;;;;
2013-03-27 14:30:44:0196;1364391044196;;;;;108
2013-03-27 14:30:44:0254;1364391044254;67.3;;;;
2013-03-27 14:30:44:0396;1364391044396;;0.0;;;
2013-03-27 14:30:44:0396;1364391044396;;;109.93911111111112;;
2013-03-27 14:30:44:0396;1364391044396;;;;109.93911;
2013-03-27 14:30:44:0498;1364391044498;61.85;;;;
2013-03-27 14:30:44:0738;1364391044738;56.2;;;;
2013-03-27 14:30:44:0812;1364391044812;;;;;109
2013-03-27 14:30:44:0973;1364391044973;50.7;;;;
2013-03-27 14:30:45:0012;1364391045012;;0.0;;;
2013-03-27 14:30:45:0012;1364391045012;;;109.93911111111112;;
2013-03-27 14:30:45:0013;1364391045013;;;;109.93911;
2013-03-27 14:30:45:0209;1364391045209;49.05;;;;
2013-03-27 14:30:45:0447;1364391045447;49.9;;;;
2013-03-27 14:30:45:0498;1364391045498;;;;;109
2013-03-27 14:30:45:0684;1364391045684;49.9;;;;
2013-03-27 14:30:45:0699;1364391045699;;0.0;;;
2013-03-27 14:30:45:0699;1364391045699;;;109.93911111111112;;
2013-03-27 14:30:45:0699;1364391045699;;;;109.93911;
2013-03-27 14:30:45:0923;1364391045923;49.5;;;;
2013-03-27 14:30:46:0160;1364391046160;49.4;;;;
2013-03-27 14:30:46:0200;1364391046200;;;;;109
2013-03-27 14:30:46:0397;1364391046397;49.4;;;;
2013-03-27 14:30:46:0401;1364391046401;;0.0;;;
2013-03-27 14:30:46:0401;1364391046401;;;109.93911111111112;;
2013-03-27 14:30:46:0401;1364391046401;;;;109.93911;
2013-03-27 14:30:46:0640;1364391046640;48.4;;;;
2013-03-27 14:30:46:0877;1364391046877;47.05;;;;
2013-03-27 14:30:46:0884;1364391046884;;;;;109
2013-03-27 14:30:47:0084;1364391047084;;0.0;;;
2013-03-27 14:30:47:0084;1364391047084;;;109.93911111111112;;
2013-03-27 14:30:47:0084;1364391047084;;;;109.93911;
2013-03-27 14:30:47:0115;1364391047115;46.2;;;;
2013-03-27 14:30:47:0353;1364391047353;44.95;;;;
2013-03-27 14:30:47:0532;1364391047532;;;;;109
2013-03-27 14:30:47:0591;1364391047591;43.2;;;;
2013-03-27 14:30:47:0733;1364391047733;;0.0;;;
2013-03-27 14:30:47:0733;1364391047733;;;109.93911111111112;;
2013-03-27 14:30:47:0733;1364391047733;;;;109.93911;
2013-03-27 14:30:47:0830;1364391047830;41.55;;;;
2013-03-27 14:30:48:0066;1364391048066;39.55;;;;
2013-03-27 14:30:48:0230;1364391048230;;;;;109
2013-03-27 14:30:48:0305;1364391048305;37.95;;;;
2013-03-27 14:30:48:0431;1364391048431;;0.0;;;
2013-03-27 14:30:48:0431;1364391048431;;;109.93911111111112;;
2013-03-27 14:30:48:0432;1364391048432;;;;109.93911;
2013-03-27 14:30:48:0545;1364391048545;36.3;;;;
2013-03-27 14:30:48:0784;1364391048784;34.4;;;;
2013-03-27 14:30:48:0886;1364391048886;;;;;109
2013-03-27 14:30:49:0022;1364391049022;33.1;;;;
2013-03-27 14:30:49:0086;1364391049086;;0.0;;;
2013-03-27 14:30:49:0086;1364391049086;;;109.93911111111112;;
2013-03-27 14:30:49:0086;1364391049086;;;;109.93911;
2013-03-27 14:30:49:0259;1364391049259;31.5;;;;
2013-03-27 14:30:49:0497;1364391049497;31.55;;;;
2013-03-27 14:30:49:0540;1364391049540;;;;;109
2013-03-27 14:30:49:0734;1364391049734;31.2;;;;
2013-03-27 14:30:49:0742;1364391049742;;0.0;;;
2013-03-27 14:30:49:0742;1364391049742;;;109.93911111111112;;
2013-03-27 14:30:49:0742;1364391049742;;;;109.93911;
2013-03-27 14:30:49:0972;1364391049972;31.85;;;;
2013-03-27 14:30:50:0166;1364391050166;;;;;109
2013-03-27 14:30:50:0210;1364391050210;31.8;;;;
2013-03-27 14:30:50:0367;1364391050367;;0.0;;;
2013-03-27 14:30:50:0367;1364391050367;;;109.93911111111112;;
2013-03-27 14:30:50:0367;1364391050367;;;;109.93911;
2013-03-27 14:30:50:0447;1364391050447;32.95;;;;
2013-03-27 14:30:50:0686;1364391050686;33.35;;;;
2013-03-27 14:30:50:0798;1364391050798;;;;;109
2013-03-27 14:30:50:0928;1364391050928;35.5;;;;
2013-03-27 14:30:50:0999;1364391050999;;0.0;;;
2013-03-27 14:30:50:0999;1364391050999;;;109.93911111111112;;
2013-03-27 14:30:50:0999;1364391050999;;;;109.93911;
2013-03-27 14:30:51:0165;1364391051165;34.05;;;;
2013-03-27 14:30:51:0403;1364391051403;32.2;;;;
2013-03-27 14:30:51:0418;1364391051418;;;;;109
2013-03-27 14:30:51:0619;1364391051619;;0.0;;;
2013-03-27 14:30:51:0619;1364391051619;;;109.93911111111112;;
2013-03-27 14:30:51:0619;1364391051619;;;;109.93911;
2013-03-27 14:30:51:0641;1364391051641;31.0;;;;
2013-03-27 14:30:51:0879;1364391051879;28.7;;;;
2013-03-27 14:30:52:0029;1364391052029;;;;;109
2013-03-27 14:30:52:0117;1364391052117;26.25;;;;
2013-03-27 14:30:52:0230;1364391052230;;0.0;;;
2013-03-27 14:30:52:0230;1364391052230;;;109.93911111111112;;
2013-03-27 14:30:52:0230;1364391052230;;;;109.93911;
2013-03-27 14:30:52:0354;1364391052354;23.95;;;;
2013-03-27 14:30:52:0592;1364391052592;20.2;;;;
2013-03-27 14:30:52:0667;1364391052667;;;;;109
2013-03-27 14:30:52:0830;1364391052830;17.25;;;;
2013-03-27 14:30:52:0868;1364391052868;;0.0;;;
2013-03-27 14:30:52:0868;1364391052868;;;109.93911111111112;;
2013-03-27 14:30:52:0868;1364391052868;;;;109.93911;
2013-03-27 14:30:53:0074;1364391053074;14.3;;;;
2013-03-27 14:30:53:0296;1364391053296;;;;;109
2013-03-27 14:30:53:0309;1364391053309;12.1;;;;
2013-03-27 14:30:53:0497;1364391053497;;0.0;;;
2013-03-27 14:30:53:0497;1364391053497;;;109.93911111111112;;
2013-03-27 14:30:53:0497;1364391053497;;;;109.93911;
2013-03-27 14:30:53:0546;1364391053546;10.6;;;;
2013-03-27 14:30:53:0785;1364391053785;10.2;;;;
2013-03-27 14:30:53:0925;1364391053925;;;;;109
2013-03-27 14:30:54:0024;1364391054024;8.8;;;;
2013-03-27 14:30:54:0125;1364391054125;;0.0;;;
2013-03-27 14:30:54:0125;1364391054125;;;109.93911111111112;;
2013-03-27 14:30:54:0126;1364391054126;;;;109.93911;
2013-03-27 14:30:54:0260;1364391054260;10.0;;;;
2013-03-27 14:30:54:0498;1364391054498;11.3;;;;
2013-03-27 14:30:54:0531;1364391054531;;;;;109
2013-03-27 14:30:54:0731;1364391054731;;0.0;;;
2013-03-27 14:30:54:0731;1364391054731;;;109.93911111111112;;
2013-03-27 14:30:54:0731;1364391054731;;;;109.93911;
2013-03-27 14:30:54:0735;1364391054735;12.05;;;;
2013-03-27 14:30:54:0972;1364391054972;16.25;;;;
2013-03-27 14:30:55:0159;1364391055159;;;;;109
2013-03-27 14:30:55:0216;1364391055216;20.3;;;;
2013-03-27 14:30:55:0360;1364391055360;;0.0;;;
2013-03-27 14:30:55:0360;1364391055360;;;109.93911111111112;;
2013-03-27 14:30:55:0360;1364391055360;;;;109.93911;
2013-03-27 14:30:55:0453;1364391055453;25.8;;;;
2013-03-27 14:30:55:0690;1364391055690;29.8;;;;
2013-03-27 14:30:55:0818;1364391055818;;;;;109
2013-03-27 14:30:55:0949;1364391055949;33.95;;;;
2013-03-27 14:30:56:0165;1364391056165;34.9;;;;
2013-03-27 14:30:56:0244;1364391056244;;0.0;;;
2013-03-27 14:30:56:0244;1364391056244;;;109.93911111111112;;
2013-03-27 14:30:56:0244;1364391056244;;;;109.93911;
2013-03-27 14:30:56:0478;1364391056478;33.4;;;;
2013-03-27 14:30:56:0643;1364391056643;31.6;;;;
2013-03-27 14:30:56:0709;1364391056709;;;;;109
2013-03-27 14:30:56:0879;1364391056879;33.4;;;;
2013-03-27 14:30:56:0909;1364391056909;;0.0;;;
2013-03-27 14:30:56:0909;1364391056909;;;109.93911111111112;;
2013-03-27 14:30:56:0909;1364391056909;;;;109.93911;
2013-03-27 14:30:57:0120;1364391057120;35.6;;;;
2013-03-27 14:30:57:0326;1364391057326;;;;;109
2013-03-27 14:30:57:0359;1364391057359;38.1;;;;
2013-03-27 14:30:57:0528;1364391057528;;0.0;;;
2013-03-27 14:30:57:0528;1364391057528;;;109.93911111111112;;
2013-03-27 14:30:57:0528;1364391057528;;;;109.93911;
2013-03-27 14:30:57:0595;1364391057595;41.6;;;;
2013-03-27 14:30:57:0834;1364391057834;45.15;;;;
2013-03-27 14:30:57:0947;1364391057947;;;;;109
2013-03-27 14:30:58:0071;1364391058071;48.35;;;;
2013-03-27 14:30:58:0155;1364391058155;;0.0;;;
2013-03-27 14:30:58:0155;1364391058155;;;109.93911111111112;;
2013-03-27 14:30:58:0155;1364391058155;;;;109.93911;
2013-03-27 14:30:58:0309;1364391058309;50.7;;;;
2013-03-27 14:30:58:0560;1364391058560;54.95;;;;
2013-03-27 14:30:58:0602;1364391058602;;;;;109
2013-03-27 14:30:58:0785;1364391058785;62.65;;;;
2013-03-27 14:30:58:0802;1364391058802;;0.0;;;
2013-03-27 14:30:58:0802;1364391058802;;;109.93911111111112;;
2013-03-27 14:30:58:0802;1364391058802;;;;109.93911;
2013-03-27 14:30:59:0022;1364391059022;68.85;;;;
2013-03-27 14:30:59:0260;1364391059260;72.05;;;;
2013-03-27 14:30:59:0302;1364391059302;;;;;109
2013-03-27 14:30:59:0503;1364391059503;81.5;;;;
2013-03-27 14:30:59:0504;1364391059504;;0.0;;;
2013-03-27 14:30:59:0504;1364391059504;;;109.93911111111112;;
2013-03-27 14:30:59:0504;1364391059504;;;;109.93911;
2013-03-27 14:30:59:0739;1364391059739;94.35;;;;
2013-03-27 14:30:59:0942;1364391059942;;;;;109
2013-03-27 14:30:59:0977;1364391059977;103.35;;;;
2013-03-27 14:31:00:0143;1364391060143;;0.0;;;
2013-03-27 14:31:00:0143;1364391060143;;;109.93911111111112;;
2013-03-27 14:31:00:0144;1364391060144;;;;109.93911;
2013-03-27 14:31:00:0215;1364391060215;109.75;;;;
2013-03-27 14:31:00:0453;1364391060453;115.6;;;;
2013-03-27 14:31:00:0571;1364391060571;;;;;109
2013-03-27 14:31:00:0691;1364391060691;126.5;;;;
2013-03-27 14:31:00:0771;1364391060771;;0.0;;;
2013-03-27 14:31:00:0771;1364391060771;;;109.93911111111112;;
2013-03-27 14:31:00:0771;1364391060771;;;;109.93911;
2013-03-27 14:31:00:0929;1364391060929;137.65;;;;
2013-03-27 14:31:01:0166;1364391061166;144.15;;;;
2013-03-27 14:31:01:0205;1364391061205;;;;;109
2013-03-27 14:31:01:0404;1364391061404;150.35;;;;
2013-03-27 14:31:01:0405;1364391061405;;-14.222222222222229;;;
2013-03-27 14:31:01:0405;1364391061405;;;106.38355555555556;;
2013-03-27 14:31:01:0405;1364391061405;;;;106.38355;
2013-03-27 14:31:01:0571;1364391061571;;;;;106
2013-03-27 14:31:01:0646;1364391061646;167.4;;;;
2013-03-27 14:31:01:0771;1364391061771;;-27.33333333333333;;;
2013-03-27 14:31:01:0771;1364391061771;;;100.96355555555557;;
2013-03-27 14:31:01:0771;1364391061771;;;;100.963554;
2013-03-27 14:31:01:0883;1364391061883;179.6;;;;
2013-03-27 14:31:01:0954;1364391061954;;;;;100
2013-03-27 14:31:02:0121;1364391062121;196.25;;;;
2013-03-27 14:31:02:0154;1364391062154;;-44.84444444444445;;;
2013-03-27 14:31:02:0154;1364391062154;;;90.31244444444445;;
2013-03-27 14:31:02:0154;1364391062154;;;;90.31245;
2013-03-27 14:31:02:0297;1364391062297;;;;;90
2013-03-27 14:31:02:0359;1364391062359;201.2;;;;
2013-03-27 14:31:02:0498;1364391062498;;-38.62222222222222;;;
2013-03-27 14:31:02:0498;1364391062498;;;81.41955555555556;;
2013-03-27 14:31:02:0498;1364391062498;;;;81.419556;
2013-03-27 14:31:02:0597;1364391062597;204.75;;;;
2013-03-27 14:31:02:0669;1364391062669;;;;;81
2013-03-27 14:31:02:0834;1364391062834;204.6;;;;
2013-03-27 14:31:02:0869;1364391062869;;-31.888888888888886;;;
2013-03-27 14:31:02:0869;1364391062869;;;73.71666666666667;;
2013-03-27 14:31:02:0869;1364391062869;;;;73.71667;
2013-03-27 14:31:03:0013;1364391063013;;;;;73
2013-03-27 14:31:03:0072;1364391063072;204.7;;;;
2013-03-27 14:31:03:0214;1364391063214;;-23.888888888888886;;;
2013-03-27 14:31:03:0214;1364391063214;;;67.39777777777779;;
2013-03-27 14:31:03:0214;1364391063214;;;;67.39778;
2013-03-27 14:31:03:0309;1364391063309;203.7;;;;
2013-03-27 14:31:03:0355;1364391063355;;;;;67
2013-03-27 14:31:03:0547;1364391063547;197.65;;;;
2013-03-27 14:31:03:0555;1364391063555;;-12.600000000000001;;;
2013-03-27 14:31:03:0555;1364391063555;;;63.98111111111112;;
2013-03-27 14:31:03:0555;1364391063555;;;;63.98111;
2013-03-27 14:31:03:0711;1364391063711;;;;;63
2013-03-27 14:31:03:0791;1364391063791;200.4;;;;
2013-03-27 14:31:03:0911;1364391063911;;-10.866666666666667;;;
2013-03-27 14:31:03:0911;1364391063911;;;60.28844444444445;;
2013-03-27 14:31:03:0911;1364391063911;;;;60.288445;
2013-03-27 14:31:04:0031;1364391064031;200.3;;;;
2013-03-27 14:31:04:0103;1364391064103;;;;;60
2013-03-27 14:31:04:0264;1364391064264;195.9;;;;
2013-03-27 14:31:04:0303;1364391064303;;-4.088888888888889;;;
2013-03-27 14:31:04:0303;1364391064303;;;58.87422222222223;;
2013-03-27 14:31:04:0303;1364391064303;;;;58.87422;
2013-03-27 14:31:04:0441;1364391064441;;;;;58
2013-03-27 14:31:04:0503;1364391064503;196.5;;;;
2013-03-27 14:31:04:0641;1364391064641;;-2.8444444444444485;;;
2013-03-27 14:31:04:0641;1364391064641;;;57.14444444444445;;
2013-03-27 14:31:04:0641;1364391064641;;;;57.144444;
2013-03-27 14:31:04:0739;1364391064739;201.0;;;;
2013-03-27 14:31:04:0787;1364391064787;;;;;57
2013-03-27 14:31:04:0977;1364391064977;204.8;;;;
2013-03-27 14:31:04:0987;1364391064987;;-7.888888888888886;;;
2013-03-27 14:31:04:0987;1364391064987;;;54.854888888888894;;
2013-03-27 14:31:04:0987;1364391064987;;;;54.85489;
2013-03-27 14:31:05:0129;1364391065129;;;;;54
2013-03-27 14:31:05:0222;1364391065222;211.9;;;;
2013-03-27 14:31:05:0329;1364391065329;;-10.177777777777777;;;
2013-03-27 14:31:05:0329;1364391065329;;;51.20377777777779;;
2013-03-27 14:31:05:0329;1364391065329;;;;51.203777;
2013-03-27 14:31:05:0454;1364391065454;225.45;;;;
2013-03-27 14:31:05:0469;1364391065469;;;;;51
2013-03-27 14:31:05:0670;1364391065670;;-17.0;;;
2013-03-27 14:31:05:0670;1364391065670;;;46.396444444444455;;
2013-03-27 14:31:05:0670;1364391065670;;;;46.396446;
2013-03-27 14:31:05:0691;1364391065691;230.6;;;;
2013-03-27 14:31:05:0810;1364391065810;;;;;46
2013-03-27 14:31:05:0934;1364391065934;237.75;;;;
2013-03-27 14:31:06:0011;1364391066011;;-12.0;;;
2013-03-27 14:31:06:0011;1364391066011;;;42.47644444444445;;
2013-03-27 14:31:06:0011;1364391066011;;;;42.476444;
2013-03-27 14:31:06:0168;1364391066168;;;;;42
2013-03-27 14:31:06:0170;1364391066170;245.35;;;;
2013-03-27 14:31:06:0368;1364391066368;;-8.0;;;
2013-03-27 14:31:06:0368;1364391066368;;;39.35644444444445;;
2013-03-27 14:31:06:0368;1364391066368;;;;39.356445;
2013-03-27 14:31:06:0407;1364391066407;251.5;;;;
2013-03-27 14:31:06:0519;1364391066519;;;;;39
2013-03-27 14:31:06:0646;1364391066646;256.55;;;;
2013-03-27 14:31:06:0720;1364391066720;;-5.0;;;
2013-03-27 14:31:06:0720;1364391066720;;;37.02644444444445;;
2013-03-27 14:31:06:0720;1364391066720;;;;37.026443;
2013-03-27 14:31:06:0872;1364391066872;;;;;37
2013-03-27 14:31:06:0884;1364391066884;259.8;;;;
2013-03-27 14:31:07:0072;1364391067072;;-3.0;;;
2013-03-27 14:31:07:0072;1364391067072;;;35.47644444444445;;
2013-03-27 14:31:07:0073;1364391067073;;;;35.476444;
2013-03-27 14:31:07:0121;1364391067121;259.9;;;;
2013-03-27 14:31:07:0216;1364391067216;;;;;35
2013-03-27 14:31:07:0358;1364391067358;259.6;;;;
2013-03-27 14:31:07:0416;1364391067416;;-1.0;;;
2013-03-27 14:31:07:0416;1364391067416;;;33.94644444444445;;
2013-03-27 14:31:07:0417;1364391067417;;;;33.946445;
2013-03-27 14:31:07:0597;1364391067597;259.1;;;;
2013-03-27 14:31:07:0758;1364391067758;;;;;33
2013-03-27 14:31:07:0834;1364391067834;259.2;;;;
2013-03-27 14:31:07:0959;1364391067959;;-1.0;;;
2013-03-27 14:31:07:0959;1364391067959;;;33.936444444444454;;
2013-03-27 14:31:07:0959;1364391067959;;;;33.936443;
2013-03-27 14:31:08:0077;1364391068077;259.2;;;;
2013-03-27 14:31:08:0294;1364391068294;;;;;33
2013-03-27 14:31:08:0314;1364391068314;259.1;;;;
2013-03-27 14:31:08:0495;1364391068495;;-1.0;;;
2013-03-27 14:31:08:0495;1364391068495;;;33.92644444444445;;
2013-03-27 14:31:08:0495;1364391068495;;;;33.926445;
2013-03-27 14:31:08:0552;1364391068552;259.25;;;;
2013-03-27 14:31:08:0789;1364391068789;259.2;;;;
2013-03-27 14:31:08:0834;1364391068834;;;;;33
2013-03-27 14:31:09:0027;1364391069027;256.2;;;;
2013-03-27 14:31:09:0035;1364391069035;;-1.0;;;
2013-03-27 14:31:09:0035;1364391069035;;;33.91644444444445;;
2013-03-27 14:31:09:0035;1364391069035;;;;33.916443;
2013-03-27 14:31:09:0266;1364391069266;248.85;;;;
2013-03-27 14:31:09:0417;1364391069417;;;;;33
2013-03-27 14:31:09:0504;1364391069504;238.25;;;;
2013-03-27 14:31:09:0618;1364391069618;;-1.0;;;
2013-03-27 14:31:09:0618;1364391069618;;;33.90644444444445;;
2013-03-27 14:31:09:0618;1364391069618;;;;33.906445;
2013-03-27 14:31:09:0742;1364391069742;225.85;;;;
2013-03-27 14:31:09:0963;1364391069963;;;;;33
2013-03-27 14:31:09:0981;1364391069981;216.05;;;;
2013-03-27 14:31:10:0164;1364391070164;;5.044444444444444;;;
2013-03-27 14:31:10:0164;1364391070164;;;35.40755555555556;;
2013-03-27 14:31:10:0164;1364391070164;;;;35.407555;
2013-03-27 14:31:10:0221;1364391070221;204.7;;;;
2013-03-27 14:31:10:0317;1364391070317;;;;;35
2013-03-27 14:31:10:0459;1364391070459;199.1;;;;
2013-03-27 14:31:10:0518;1364391070518;;17.888888888888886;;;
2013-03-27 14:31:10:0518;1364391070518;;;38.66911111111112;;
2013-03-27 14:31:10:0519;1364391070519;;;;38.66911;
2013-03-27 14:31:10:0671;1364391070671;;;;;38
2013-03-27 14:31:10:0697;1364391070697;189.65;;;;
2013-03-27 14:31:10:0872;1364391070872;;22.444444444444443;;;
2013-03-27 14:31:10:0872;1364391070872;;;42.9868888888889;;
2013-03-27 14:31:10:0872;1364391070872;;;;42.98689;
2013-03-27 14:31:10:0933;1364391070933;182.95;;;;
2013-03-27 14:31:11:0022;1364391071022;;;;;42
2013-03-27 14:31:11:0172;1364391071172;179.55;;;;
2013-03-27 14:31:11:0222;1364391071222;;26.0;;;
2013-03-27 14:31:11:0222;1364391071222;;;48.10022222222223;;
2013-03-27 14:31:11:0222;1364391071222;;;;48.100224;
2013-03-27 14:31:11:0363;1364391071363;;;;;48
2013-03-27 14:31:11:0410;1364391071410;178.4;;;;
2013-03-27 14:31:11:0563;1364391071563;;20.888888888888886;;;
2013-03-27 14:31:11:0563;1364391071563;;;53.08244444444445;;
2013-03-27 14:31:11:0563;1364391071563;;;;53.082443;
2013-03-27 14:31:11:0646;1364391071646;177.85;;;;
2013-03-27 14:31:11:0715;1364391071715;;;;;53
2013-03-27 14:31:11:0885;1364391071885;177.35;;;;
2013-03-27 14:31:11:0916;1364391071916;;16.77777777777777;;;
2013-03-27 14:31:11:0916;1364391071916;;;57.26355555555556;;
2013-03-27 14:31:11:0916;1364391071916;;;;57.263557;
2013-03-27 14:31:12:0073;1364391072073;;;;;57
2013-03-27 14:31:12:0123;1364391072123;177.4;;;;
2013-03-27 14:31:12:0273;1364391072273;;12.777777777777771;;;
2013-03-27 14:31:12:0273;1364391072273;;;60.43133333333334;;
2013-03-27 14:31:12:0273;1364391072273;;;;60.43133;
2013-03-27 14:31:12:0365;1364391072365;177.2;;;;
2013-03-27 14:31:12:0409;1364391072409;;;;;60
2013-03-27 14:31:12:0601;1364391072601;176.5;;;;
2013-03-27 14:31:12:0609;1364391072609;;10.666666666666671;;;
2013-03-27 14:31:12:0609;1364391072609;;;63.03133333333334;;
2013-03-27 14:31:12:0609;1364391072609;;;;63.031334;
2013-03-27 14:31:12:0749;1364391072749;;;;;63
2013-03-27 14:31:12:0840;1364391072840;176.65;;;;
2013-03-27 14:31:12:0950;1364391072950;;7.666666666666671;;;
2013-03-27 14:31:12:0950;1364391072950;;;65.388;;
2013-03-27 14:31:12:0950;1364391072950;;;;65.388;
2013-03-27 14:31:13:0077;1364391073077;177.0;;;;
2013-03-27 14:31:13:0119;1364391073119;;;;;65
2013-03-27 14:31:13:0315;1364391073315;176.7;;;;
2013-03-27 14:31:13:0319;1364391073319;;5.666666666666671;;;
2013-03-27 14:31:13:0319;1364391073319;;;66.96466666666667;;
2013-03-27 14:31:13:0319;1364391073319;;;;66.96467;
2013-03-27 14:31:13:0465;1364391073465;;;;;66
2013-03-27 14:31:13:0555;1364391073555;176.8;;;;
2013-03-27 14:31:13:0665;1364391073665;;4.666666666666671;;;
2013-03-27 14:31:13:0665;1364391073665;;;67.77133333333335;;
2013-03-27 14:31:13:0665;1364391073665;;;;67.77133;
2013-03-27 14:31:13:0791;1364391073791;177.2;;;;
2013-03-27 14:31:13:0799;1364391073799;;;;;67
2013-03-27 14:31:14:0000;1364391074000;;2.7777777777777715;;;
2013-03-27 14:31:14:0000;1364391074000;;;68.34577777777778;;
2013-03-27 14:31:14:0001;1364391074001;;;;68.34578;
2013-03-27 14:31:14:0029;1364391074029;176.9;;;;
2013-03-27 14:31:14:0135;1364391074135;;;;;68
2013-03-27 14:31:14:0266;1364391074266;177.1;;;;
2013-03-27 14:31:14:0335;1364391074335;;1.7777777777777715;;;
2013-03-27 14:31:14:0335;1364391074335;;;69.12355555555555;;
2013-03-27 14:31:14:0335;1364391074335;;;;69.12356;
2013-03-27 14:31:14:0475;1364391074475;;;;;69
2013-03-27 14:31:14:0509;1364391074509;177.35;;;;
2013-03-27 14:31:14:0675;1364391074675;;0.7777777777777715;;;
2013-03-27 14:31:14:0675;1364391074675;;;69.89133333333334;;
2013-03-27 14:31:14:0675;1364391074675;;;;69.891335;
2013-03-27 14:31:14:0746;1364391074746;177.1;;;;
2013-03-27 14:31:14:0831;1364391074831;;;;;69
2013-03-27 14:31:14:0985;1364391074985;177.1;;;;
2013-03-27 14:31:15:0033;1364391075033;;0.7777777777777715;;;
2013-03-27 14:31:15:0033;1364391075033;;;69.89911111111111;;
2013-03-27 14:31:15:0035;1364391075035;;;;69.89911;
2013-03-27 14:31:15:0197;1364391075197;;;;;69
2013-03-27 14:31:15:0222;1364391075222;177.3;;;;
2013-03-27 14:31:15:0397;1364391075397;;0.7777777777777715;;;
2013-03-27 14:31:15:0397;1364391075397;;;69.9068888888889;;
2013-03-27 14:31:15:0397;1364391075397;;;;69.90689;
2013-03-27 14:31:15:0459;1364391075459;177.35;;;;
2013-03-27 14:31:15:0545;1364391075545;;;;;69
2013-03-27 14:31:15:0696;1364391075696;178.3;;;;
2013-03-27 14:31:15:0745;1364391075745;;-0.11111111111111427;;;
2013-03-27 14:31:15:0745;1364391075745;;;69.69244444444445;;
2013-03-27 14:31:15:0745;1364391075745;;;;69.692444;
2013-03-27 14:31:15:0885;1364391075885;;;;;69
2013-03-27 14:31:15:0935;1364391075935;189.95;;;;
2013-03-27 14:31:16:0085;1364391076085;;-8.555555555555557;;;
2013-03-27 14:31:16:0085;1364391076085;;;67.58022222222223;;
2013-03-27 14:31:16:0085;1364391076085;;;;67.58022;
2013-03-27 14:31:16:0173;1364391076173;193.6;;;;
2013-03-27 14:31:16:0223;1364391076223;;;;;67
2013-03-27 14:31:16:0410;1364391076410;195.65;;;;
2013-03-27 14:31:16:0423;1364391076423;;-11.088888888888889;;;
2013-03-27 14:31:16:0423;1364391076423;;;64.86133333333333;;
2013-03-27 14:31:16:0423;1364391076423;;;;64.861336;
2013-03-27 14:31:16:0581;1364391076581;;;;;64
2013-03-27 14:31:16:0653;1364391076653;214.85;;;;
2013-03-27 14:31:16:0781;1364391076781;;-22.444444444444443;;;
2013-03-27 14:31:16:0781;1364391076781;;;58.911555555555566;;
2013-03-27 14:31:16:0781;1364391076781;;;;58.911556;
2013-03-27 14:31:16:0890;1364391076890;227.3;;;;
2013-03-27 14:31:16:0927;1364391076927;;;;;58
2013-03-27 14:31:17:0127;1364391077127;233.75;;;;
2013-03-27 14:31:17:0128;1364391077128;;-24.0;;;
2013-03-27 14:31:17:0128;1364391077128;;;52.29822222222223;;
2013-03-27 14:31:17:0128;1364391077128;;;;52.29822;
2013-03-27 14:31:17:0267;1364391077267;;;;;52
2013-03-27 14:31:17:0367;1364391077367;245.35;;;;
2013-03-27 14:31:17:0467;1364391077467;;-18.0;;;
2013-03-27 14:31:17:0467;1364391077467;;;47.55822222222223;;
2013-03-27 14:31:17:0467;1364391077467;;;;47.558224;
2013-03-27 14:31:17:0603;1364391077603;254.8;;;;
2013-03-27 14:31:17:0605;1364391077605;;;;;47
2013-03-27 14:31:17:0805;1364391077805;;-13.0;;;
2013-03-27 14:31:17:0805;1364391077805;;;43.62822222222223;;
2013-03-27 14:31:17:0805;1364391077805;;;;43.628223;
2013-03-27 14:31:17:0841;1364391077841;257.85;;;;
2013-03-27 14:31:17:0947;1364391077947;;;;;43
2013-03-27 14:31:18:0079;1364391078079;260.65;;;;
2013-03-27 14:31:18:0148;1364391078148;;-9.0;;;
2013-03-27 14:31:18:0148;1364391078148;;;40.49822222222223;;
2013-03-27 14:31:18:0148;1364391078148;;;;40.498222;
2013-03-27 14:31:18:0305;1364391078305;;;;;40
2013-03-27 14:31:18:0317;1364391078317;262.65;;;;
2013-03-27 14:31:18:0505;1364391078505;;-6.0;;;
2013-03-27 14:31:18:0505;1364391078505;;;38.15822222222223;;
2013-03-27 14:31:18:0505;1364391078505;;;;38.158222;
2013-03-27 14:31:18:0555;1364391078555;264.25;;;;
2013-03-27 14:31:18:0642;1364391078642;;;;;38
2013-03-27 14:31:18:0797;1364391078797;265.4;;;;
2013-03-27 14:31:18:0842;1364391078842;;-4.0;;;
2013-03-27 14:31:18:0842;1364391078842;;;36.598222222222226;;
2013-03-27 14:31:18:0842;1364391078842;;;;36.59822;
2013-03-27 14:31:19:0001;1364391079001;;;;;36
2013-03-27 14:31:19:0033;1364391079033;265.4;;;;
2013-03-27 14:31:19:0202;1364391079202;;-2.0;;;
2013-03-27 14:31:19:0202;1364391079202;;;35.05822222222223;;
2013-03-27 14:31:19:0202;1364391079202;;;;35.058224;
2013-03-27 14:31:19:0273;1364391079273;265.2;;;;
2013-03-27 14:31:19:0345;1364391079345;;;;;35
2013-03-27 14:31:19:0508;1364391079508;265.7;;;;
2013-03-27 14:31:19:0545;1364391079545;;-1.0;;;
2013-03-27 14:31:19:0545;1364391079545;;;34.28822222222223;;
2013-03-27 14:31:19:0545;1364391079545;;;;34.288223;
2013-03-27 14:31:19:0699;1364391079699;;;;;34
2013-03-27 14:31:19:0747;1364391079747;266.4;;;;
2013-03-27 14:31:19:0899;1364391079899;;0.0;;;
2013-03-27 14:31:19:0899;1364391079899;;;33.528222222222226;;
2013-03-27 14:31:19:0899;1364391079899;;;;33.52822;
2013-03-27 14:31:19:0985;1364391079985;266.85;;;;
2013-03-27 14:31:20:0222;1364391080222;267.1;;;;
2013-03-27 14:31:20:0248;1364391080248;;;;;33
2013-03-27 14:31:20:0449;1364391080449;;0.0;;;
2013-03-27 14:31:20:0449;1364391080449;;;33.528222222222226;;
2013-03-27 14:31:20:0450;1364391080450;;;;33.52822;
2013-03-27 14:31:20:0461;1364391080461;267.2;;;;
2013-03-27 14:31:20:0698;1364391080698;267.1;;;;
2013-03-27 14:31:20:0824;1364391080824;;;;;33
2013-03-27 14:31:20:0940;1364391080940;267.0;;;;
2013-03-27 14:31:21:0024;1364391081024;;0.0;;;
2013-03-27 14:31:21:0024;1364391081024;;;33.528222222222226;;
2013-03-27 14:31:21:0024;1364391081024;;;;33.52822;
2013-03-27 14:31:21:0177;1364391081177;267.0;;;;
2013-03-27 14:31:21:0392;1364391081392;;;;;33
2013-03-27 14:31:21:0414;1364391081414;266.9;;;;
2013-03-27 14:31:21:0592;1364391081592;;0.0;;;
2013-03-27 14:31:21:0592;1364391081592;;;33.528222222222226;;
2013-03-27 14:31:21:0592;1364391081592;;;;33.52822;
2013-03-27 14:31:21:0653;1364391081653;266.9;;;;
2013-03-27 14:31:21:0890;1364391081890;266.9;;;;
2013-03-27 14:31:21:0934;1364391081934;;;;;33
2013-03-27 14:31:22:0128;1364391082128;266.95;;;;
2013-03-27 14:31:22:0135;1364391082135;;0.0;;;
2013-03-27 14:31:22:0135;1364391082135;;;33.528222222222226;;
2013-03-27 14:31:22:0135;1364391082135;;;;33.52822;
2013-03-27 14:31:22:0365;1364391082365;266.9;;;;
2013-03-27 14:31:22:0472;1364391082472;;;;;33
2013-03-27 14:31:22:0603;1364391082603;266.8;;;;
2013-03-27 14:31:22:0672;1364391082672;;0.0;;;
2013-03-27 14:31:22:0672;1364391082672;;;33.528222222222226;;
2013-03-27 14:31:22:0672;1364391082672;;;;33.52822;
2013-03-27 14:31:22:0841;1364391082841;266.8;;;;
2013-03-27 14:31:23:0032;1364391083032;;;;;33
2013-03-27 14:31:23:0083;1364391083083;266.8;;;;
2013-03-27 14:31:23:0232;1364391083232;;0.0;;;
2013-03-27 14:31:23:0232;1364391083232;;;33.528222222222226;;
2013-03-27 14:31:23:0232;1364391083232;;;;33.52822;
2013-03-27 14:31:23:0322;1364391083322;266.8;;;;
2013-03-27 14:31:23:0558;1364391083558;266.8;;;;
2013-03-27 14:31:23:0582;1364391083582;;;;;33
2013-03-27 14:31:23:0783;1364391083783;;0.0;;;
2013-03-27 14:31:23:0783;1364391083783;;;33.528222222222226;;
2013-03-27 14:31:23:0783;1364391083783;;;;33.52822;
2013-03-27 14:31:23:0796;1364391083796;266.8;;;;
2013-03-27 14:31:24:0034;1364391084034;266.9;;;;
2013-03-27 14:31:24:0151;1364391084151;;;;;33
2013-03-27 14:31:24:0272;1364391084272;267.0;;;;
2013-03-27 14:31:24:0351;1364391084351;;0.0;;;
2013-03-27 14:31:24:0351;1364391084351;;;33.528222222222226;;
2013-03-27 14:31:24:0351;1364391084351;;;;33.52822;
2013-03-27 14:31:24:0509;1364391084509;266.75;;;;
2013-03-27 14:31:24:0700;1364391084700;;;;;33
2013-03-27 14:31:24:0746;1364391084746;266.7;;;;
2013-03-27 14:31:24:0900;1364391084900;;0.0;;;
2013-03-27 14:31:24:0900;1364391084900;;;33.528222222222226;;
2013-03-27 14:31:24:0900;1364391084900;;;;33.52822;
2013-03-27 14:31:24:0985;1364391084985;266.85;;;;
2013-03-27 14:31:25:0227;1364391085227;266.9;;;;
2013-03-27 14:31:25:0234;1364391085234;;;;;33
2013-03-27 14:31:25:0435;1364391085435;;0.0;;;
2013-03-27 14:31:25:0435;1364391085435;;;33.528222222222226;;
2013-03-27 14:31:25:0435;1364391085435;;;;33.52822;
2013-03-27 14:31:25:0464;1364391085464;266.9;;;;
2013-03-27 14:31:25:0702;1364391085702;266.9;;;;
2013-03-27 14:31:25:0792;1364391085792;;;;;33
